Slice,Auto_Count,Total Area,Average Size,%Area,Mean,TC1_conservative,TC2_generous,TC3_triplecheck,zoox,,
IMG00000.JPG,68,2679,39.397,0.413,0,57,54,,55.5,,
IMG00001.JPG,55,2313,42.055,0.363,0,43,43,,43,,
IMG00002.JPG,45,1930,42.889,0.306,0,37,37,,37,,
IMG00003.JPG,47,1519,32.319,0.237,0,48,51,,49.5,,
IMG00004.JPG,50,1765,35.3,0.276,0,48,49,,48.5,,
IMG00005.JPG,46,1080,23.478,0.168,0,56,52,60,54,58,
IMG00006.JPG,44,2320,52.727,0.364,0,73,66,,69.5,,
IMG00007.JPG,41,1595,38.902,0.248,0,57,45,,51,,
IMG00008.JPG,44,1487,33.795,0.232,0,43,49,44,46,,
IMG00009.JPG,38,1372,36.105,0.217,0,32,38,,35,,
IMG00010.JPG,53,1484,28,0.227,0,45,50,49,47.5,,
IMG00011.JPG,98,3571,36.439,0.553,0,67,74,61,70.5,,
IMG00012.JPG,91,3557,39.088,0.552,0,51,54,,52.5,,
IMG00013.JPG,107,4096,38.28,0.637,0,61,69,,65,,
IMG00014.JPG,112,4240,37.857,0.651,0,68,63,,65.5,,
IMG00015.JPG,82,3235,39.451,0.506,0,71,60,,65.5,,
IMG00016.JPG,79,2370,30,0.373,0,48,64,79,56,,
IMG00017.JPG,97,3776,38.928,0.591,0,113,115,,114,,
IMG00018.JPG,76,2544,33.474,0.398,0,99,100,,99.5,,
IMG00019.JPG,116,4058,34.983,0.634,0,135,141,,138,,
IMG00020.JPG,75,2949,39.32,0.457,0,105,110,,107.5,,
IMG00021.JPG,86,2648,30.791,0.409,0,118,123,,120.5,,
IMG00022.JPG,87,3035,34.885,0.475,0,114,116,,115,,
IMG00023.JPG,139,5078,36.532,0.784,0,215,211,,213,,
IMG00024.JPG,186,7078,38.054,1.101,0,266,270,,268,,
IMG00025.JPG,168,6691,39.827,1.039,0,249,276,,262.5,,
IMG00026.JPG,182,7918,43.505,1.239,0,256,266,,261,,
IMG00027.JPG,183,6503,35.536,1.009,0,286,297,,291.5,,
IMG00028.JPG,125,4457,35.656,0.701,0,193,194,,193.5,,
IMG00029.JPG,244,15280,62.623,2.382,0,270,276,,273,super blury,
IMG00030.JPG,267,13972,52.33,2.18,0,274,300,,287,,
IMG00031.JPG,336,14607,43.473,2.282,0,294,339,,316.5,,
IMG00032.JPG,256,10315,40.293,1.561,0,277,281,,279,,
IMG00033.JPG,194,8638,44.526,1.327,0,225,238,,231.5,,
IMG00034.JPG,229,8974,39.188,1.406,0,224,243,,233.5,,
IMG00035.JPG,230,9593,41.709,1.459,0,244,251,,247.5,,
IMG00036.JPG,263,11023,41.913,1.718,0,259,271,,265,,
IMG00037.JPG,207,10601,51.213,1.665,0,229,233,,231,,
IMG00038.JPG,206,7629,37.034,1.188,0,219,221,,220,,
IMG00039.JPG,297,11653,39.236,1.83,0,264,278,,271,,
IMG00040.JPG,317,10867,34.281,1.696,0,280,273,,276.5,,
IMG00041.JPG,51,1959,38.412,0.305,0,46,51,,48.5,,
IMG00042.JPG,43,2856,66.419,0.439,0,33,38,,35.5,,
IMG00043.JPG,3,44,14.667,0.007,0,41,47,,44,blurry image,
IMG00044.JPG,36,1089,30.25,0.169,0,33,44,,38.5,,
IMG00045.JPG,8,223,27.875,0.035,0,40,44,,42,,
IMG00046.JPG,13,465,35.769,0.073,0,25,34,,29.5,,
IMG00047.JPG,119,5105,42.899,0.803,0,145,145,,145,,
IMG00048.JPG,124,5630,45.403,0.883,0,145,145,,145,same image at 00047,
IMG00049.JPG,116,4268,36.793,0.665,0,130,125,,127.5,,
IMG00050.JPG,107,3442,32.168,0.54,0,122,132,,127,,
IMG00051.JPG,108,4321,40.009,0.674,0,133,143,,138,,
IMG00052.JPG,128,5452,42.594,0.853,0,146,163,,154.5,,
IMG00053.JPG,187,8203,43.866,1.283,0,209,224,,216.5,check this one,
IMG00054.JPG,187,7851,41.984,1.236,0,213,224,,218.5,,
IMG00055.JPG,147,6756,45.959,1.072,0,198,213,,205.5,,
IMG00056.JPG,171,7295,42.661,1.153,0,216,234,,225,,
IMG00057.JPG,171,7623,44.579,1.197,0,225,233,,229,,
IMG00058.JPG,174,6593,37.891,1.046,0,229,246,,237.5,,
IMG00059.JPG,332,14716,44.325,2.274,0,288,303,,295.5,wrong hemocytometer section and very messy,
IMG00060.JPG,328,11780,35.915,1.834,0,369,375,,372,smudge,
IMG00061.JPG,373,14618,39.19,2.256,0,313,328,,320.5,,
IMG00062.JPG,335,16448,49.099,2.574,0,357,361,,359,messy,
IMG00063.JPG,469,19449,41.469,3.032,0,427,456,,441.5,,
IMG00064.JPG,342,14046,41.07,2.206,0,325,329,,327,,
IMG00065.JPG,115,4365,37.957,0.682,0,80,91,,85.5,,
IMG00066.JPG,71,4200,59.155,0.657,0,88,89,,88.5,,
IMG00067.JPG,123,4155,33.78,0.646,0,65,80,,72.5,,
IMG00068.JPG,161,6771,42.056,1.053,0,98,103,,100.5,,
IMG00069.JPG,131,4782,36.504,0.747,0,101,108,,104.5,,
IMG00070.JPG,97,3909,40.299,0.615,0,90,97,!,93.5,,
IMG00071.JPG,107,3500,32.71,0.548,0,94,100,,97,,
IMG00072.JPG,158,5995,37.943,0.939,0,104,110,,107,,
IMG00073.JPG,211,9417,44.63,1.425,0,218,210,,214,,
IMG00074.JPG,222,9740,43.874,1.525,0,201,217,,209,,
IMG00075.JPG,268,11039,41.19,1.723,0,239,254,,246.5,,
IMG00076.JPG,261,10719,41.069,1.655,0,226,230,,228,,
IMG00077.JPG,250,9792,39.168,1.508,0,220,220,,220,,
IMG00078.JPG,186,6630,35.645,1.031,0,159,163,,161,,
IMG00079.JPG,47,2594,55.191,0.404,0,43,44,,43.5,,
IMG00080.JPG,52,1427,27.442,0.223,0,42,44,,43,,
IMG00081.JPG,56,1641,29.304,0.259,0,33,39,,36,,
IMG00082.JPG,56,1637,29.232,0.257,0,39,47,,43,,
IMG00083.JPG,77,4432,57.558,0.708,0,45,53,,49,,
IMG00084.JPG,37,1116,30.162,0.17,0,30,42,,36,,
IMG00085.JPG,213,11315,53.122,1.775,0,199,221,,210,algae gloop,
IMG00086.JPG,310,11858,38.252,1.855,0,281,309,,295,mm,
IMG00087.JPG,313,19340,61.789,2.912,0,297,321,,309,mm,
IMG00088.JPG,235,13510,57.489,2.029,0,223,250,,236.5,mm,
IMG00089.JPG,237,8849,37.338,1.36,0,178,203,,190.5,mm,
IMG00090.JPG,132,4943,37.447,0.753,0,174,198,,186,mm,
IMG00091.JPG,386,17378,45.021,2.665,0,291,345,,318,mm,
IMG00092.JPG,391,13460,34.425,2.062,0,255,311,,283,mm,
IMG00093.JPG,289,12598,43.592,1.906,0,229,262,,245.5,mm,
IMG00094.JPG,308,11684,37.935,1.759,0,244,292,,268,mm,
IMG00095.JPG,284,11317,39.849,1.732,0,288,355,,321.5,mm,
IMG00096.JPG,331,12835,38.776,1.961,0,261,295,,278,mm,
IMG00097.JPG,480,20169,42.019,3.063,0,342,360,,351,mm very dirty,
IMG00098.JPG,535,27310,51.047,4.199,0,377,398,,387.5,mm,
IMG00099.JPG,502,20036,39.912,3.077,0,356,384,,370,mm,
IMG00100.JPG,451,19206,42.585,2.942,0,350,365,,357.5,mm,
IMG00101.JPG,227,7872,34.678,1.202,0,328,350,,339,mm,
IMG00102.JPG,527,20846,39.556,3.17,0,356,399,,377.5,mm,
IMG00103.JPG,242,9517,39.326,1.455,0,213,239,,226,mm,
IMG00104.JPG,251,9793,39.016,1.509,0,212,229,,220.5,mm,
IMG00105.JPG,166,6890,41.506,1.053,0,204,213,,208.5,mm,
IMG00106.JPG,243,10040,41.317,1.532,0,200,217,,208.5,mm,
IMG00107.JPG,209,7964,38.105,1.205,0,205,219,,212,mm,
IMG00108.JPG,193,9328,48.332,1.436,0,175,189,,182,mm,
IMG00109.JPG,173,8770,50.694,1.334,0,243,248,,245.5,mm,
IMG00110.JPG,169,9649,57.095,1.465,0,200,227,,213.5,mm,
IMG00111.JPG,969,45142,46.586,2.177,0,NA,NA,,#DIV/0!,this is a photo of nothing,
IMG00112.JPG,627,26195,41.778,1.263,0,NA,NA,,#DIV/0!,this is a photo of nothing,
IMG00113.JPG,777,21704,27.933,1.047,0,NA,NA,,#DIV/0!,this is a photo of nothing,
IMG00114.JPG,274,9034,32.971,1.412,0,198,229,,213.5,mm,
IMG00115.JPG,317,11207,35.353,1.717,0,209,239,,224,mm,
IMG00116.JPG,333,11170,33.544,1.715,0,205,216,,210.5,mm,
IMG00117.JPG,376,13142,34.952,1.979,0,210,222,,216,mm,
IMG00118.JPG,210,8619,41.043,1.32,0,146,171,,158.5,mm,
IMG00119.JPG,199,8105,40.729,1.251,0,183,200,,191.5,mm,
IMG00120.JPG,243,7950,32.716,1.241,0,184,198,,191,mm,
IMG00121.JPG,233,8395,36.03,1.292,0,200,209,,204.5,mm,
IMG00122.JPG,186,5760,30.968,0.887,0,186,193,,189.5,mm,
IMG00123.JPG,155,6254,40.348,0.965,0,127,141,,134,mm,
IMG00124.JPG,70,2437,34.814,0.38,0,78,79,,78.5,,
IMG00125.JPG,68,3669,53.956,0.571,0,72,76,,74,,
IMG00126.JPG,76,2595,34.145,0.393,0,78,84,,81,,
IMG00127.JPG,63,2198,34.889,0.337,0,74,82,,78,,
IMG00128.JPG,84,3262,38.833,0.502,0,93,99,,96,,
IMG00129.JPG,86,3860,44.884,0.605,0,97,105,,101,,
IMG00130.JPG,74,2586,34.946,0.408,0,98,114,,106,,
IMG00131.JPG,96,4853,50.552,0.758,0,107,119,,113,,
IMG00132.JPG,108,4049,37.491,0.637,0,127,143,,135,,
IMG00133.JPG,119,4009,33.689,0.609,0,149,157,,153,,
IMG00134.JPG,112,4276,38.179,0.658,0,153,163,,158,,
IMG00135.JPG,89,3182,35.753,0.489,0,116,122,,119,,
IMG00136.JPG,136,4514,33.191,0.684,0,196,197,,196.5,,
IMG00137.JPG,144,7496,52.056,1.168,0,202,224,,213,,
IMG00138.JPG,124,4141,33.395,0.644,0,145,181,,163,,
IMG00139.JPG,118,4297,36.415,0.672,0,155,178,,166.5,,
IMG00140.JPG,98,3180,32.449,0.499,0,120,146,,133,,
IMG00141.JPG,137,4376,31.942,0.683,0,176,201,,188.5,,
IMG00148.JPG,110,3368,30.618,0.524,0,155,160,,157.5,,
IMG00149.JPG,138,5461,39.572,0.856,0,172,177,,174.5,,
IMG00150.JPG,117,3831,32.744,0.584,0,148,169,,158.5,,
IMG00151.JPG,132,3870,29.318,0.594,0,158,179,,168.5,,
IMG00152.JPG,137,4160,30.365,0.644,0,160,178,,169,,
IMG00153.JPG,147,4667,31.748,0.713,0,181,186,,183.5,,
IMG00154.JPG,121,8092,66.876,1.252,0,148,159,,153.5,lots of bubbles,
IMG00155.JPG,130,5477,42.131,0.851,0,123,141,,132,,
IMG00156.JPG,108,5400,50,0.833,0,148,163,,155.5,,
IMG00157.JPG,119,4707,39.555,0.729,0,145,149,,147,,
IMG00158.JPG,80,4546,56.825,0.695,0,113,153,164,133,blurry image,
IMG00159.JPG,81,3777,46.63,0.587,0,96,95,,95.5,,
IMG00160.JPG,71,3111,43.817,0.486,0,90,98,,94,little blury,
IMG00161.JPG,98,3931,40.112,0.61,0,111,134,,122.5,,
IMG00162.JPG,78,3525,45.192,0.551,0,104,109,,106.5,,
IMG00163.JPG,70,3241,46.3,0.496,0,90,94,,92,,
IMG00164.JPG,65,2682,41.262,0.412,0,76,83,,79.5,,
IMG00165.JPG,62,2565,41.371,0.395,0,58,71,,64.5,,
IMG00166.JPG,51,2609,51.157,0.403,0,63,89,79,76,,
IMG00167.JPG,62,2915,47.016,0.449,0,87,96,,91.5,,
IMG00168.JPG,37,2267,61.27,0.353,0,32,33,,32.5,,
IMG00169.JPG,55,3668,66.691,0.561,0,48,52,,50,,
IMG00170.JPG,31,1726,55.677,0.268,0,35,50,,42.5,,
IMG00171.JPG,28,1020,36.429,0.157,0,27,30,,28.5,,
IMG00172.JPG,32,1448,45.25,0.224,0,35,38,,36.5,,
IMG00173.JPG,43,1380,32.093,0.213,0,33,38,,35.5,,
IMG00174.JPG,40,2121,53.025,0.325,0,40,42,,41,,
IMG00175.JPG,37,1699,45.919,0.261,0,51,52,,51.5,,
IMG00176.JPG,32,1208,37.75,0.188,0,40,44,,42,,
IMG00177.JPG,23,1317,57.261,0.204,0,28,29,,28.5,,
IMG00178.JPG,33,1616,48.97,0.249,0,44,46,,45,,
IMG00179.JPG,32,1506,47.062,0.232,0,33,37,,35,,
IMG00180.JPG,47,2002,42.596,0.312,0,48,51,,49.5,,
IMG00181.JPG,47,2374,50.511,0.37,0,49,51,,50,,
IMG00182.JPG,36,2010,55.833,0.313,0,26,29,,27.5,,
IMG00183.JPG,45,2371,52.689,0.371,0,42,47,,44.5,,
IMG00184.JPG,37,1775,47.973,0.28,0,35,39,,37,,
IMG00185.JPG,46,1980,43.043,0.309,0,40,45,,42.5,,
IMG00199.JPG,48,1344,28,0.209,0,69,71,,70,,
IMG00200.JPG,43,1235,28.721,0.192,0,78,81,,79.5,,
IMG00201.JPG,36,911,25.306,0.141,0,68,72,68,70,blurry,
IMG00202.JPG,52,1399,26.904,0.219,0,85,87,,86,,
IMG00203.JPG,46,1217,26.457,0.19,0,73,80,77,76.5,,
IMG00204.JPG,39,1158,29.692,0.181,0,74,82,,78,,
IMG00205.JPG,33,967,29.303,0.152,0,57,58,,57.5,,
IMG00206.JPG,39,2060,52.821,0.322,0,52,56,,54,,
IMG00207.JPG,60,2732,45.533,0.426,0,87,91,,89,,
IMG00208.JPG,38,1643,43.237,0.255,0,84,86,98,85,,100
IMG00209.JPG,46,1647,35.804,0.256,0,95,99,,97,,
IMG00210.JPG,43,1393,32.395,0.217,0,76,78,,77,,
IMG00211.JPG,38,1290,33.947,0.202,0,62,66,,64,,
IMG00212.JPG,86,3241,37.686,0.505,0,123,140,128,131.5,,
IMG00213.JPG,78,2030,26.026,0.32,0,127,129,,128,lots of small dots,
IMG00214.JPG,77,1812,23.532,0.282,0,142,154,,148,,
IMG00215.JPG,100,3141,31.41,0.488,0,146,164,,155,check,
IMG00216.JPG,89,2545,28.596,0.399,0,136,148,,142,,
IMG00217.JPG,80,2089,26.112,0.327,0,137,139,,138,blurry,
IMG00218.JPG,55,1817,33.036,0.285,0,113,122,116,117.5,,
IMG00219.JPG,69,2007,29.087,0.314,0,90,95,,92.5,,
IMG00220.JPG,39,1131,29,0.177,0,59,69,,64,,
IMG00221.JPG,76,2488,32.737,0.384,0,123,134,,128.5,"lots of blurry zooxs out of focus, a smidge in the back",
IMG00222.JPG,20,514,25.7,0.08,0,73,79,78,76,,
IMG00223.JPG,63,1832,29.079,0.286,0,123,126,,124.5,,
IMG00224.JPG,25,653,26.12,0.102,0,63,68,,65.5,,
IMG00225.JPG,24,1519,63.292,0.238,0,48,53,,50.5,,
IMG00226.JPG,34,1042,30.647,0.162,0,47,47,,47,,
IMG00227.JPG,36,1275,35.417,0.201,0,50,51,,50.5,,
IMG00228.JPG,39,1105,28.333,0.172,0,62,69,,65.5,,
IMG00229.JPG,23,624,27.13,0.097,0,47,52,,49.5,,
IMG00230.JPG,19,2078,109.368,0.324,0,40,43,,41.5,undigested,
IMG00231.JPG,11,1574,143.091,0.243,0,23,25,,24,,
IMG00232.JPG,21,596,28.381,0.092,0,21,26,,23.5,,
IMG00233.JPG,24,1064,44.333,0.166,0,33,38,,35.5,,
IMG00234.JPG,5,98,19.6,0.015,0,23,25,25,24,,32
IMG00235.JPG,14,349,24.929,0.054,0,31,34,,32.5,,
IMG00236.JPG,96,3794,39.521,0.592,0,163,167,,165,undigested,
IMG00237.JPG,95,3258,34.295,0.51,0,196,198,,197,undigested,
IMG00238.JPG,64,1965,30.703,0.306,0,131,148,,139.5,,
IMG00239.JPG,103,3067,29.777,0.479,0,193,210,,201.5,mm,
IMG00240.JPG,103,3004,29.165,0.474,0,203,210,,206.5,mm,
IMG00241.JPG,57,2196,38.526,0.337,0,156,164,,160,mm,
IMG00317.JPG,389,459342,1180.828,72.044,0,56,63,,59.5,mm,
IMG00318.JPG,400,465094,1162.735,72.867,0,54,57,,55.5,mm,
IMG00319.JPG,149,16754,112.443,2.598,0,53,60,,56.5,mm,
IMG00320.JPG,135,3071,22.748,0.481,0,69,72,,70.5,mm,
IMG00321.JPG,115,12651,110.009,1.979,0,59,63,,61,mm,
IMG00322.JPG,130,20682,159.092,3.228,0,69,72,,70.5,mm,
IMG00323.JPG,113,5597,49.531,0.863,0,81,84,,82.5,mm,
IMG00324.JPG,142,5478,38.577,0.841,0,57,62,,59.5,mm,
IMG00325.JPG,125,5757,46.056,0.878,0,70,75,,72.5,mm,
IMG00326.JPG,129,11430,88.605,1.791,0,76,81,,78.5,mm,
IMG00327.JPG,124,10036,80.935,1.57,0,72,81,,76.5,mm,
IMG00328.JPG,84,2555,30.417,0.401,0,80,81,,80.5,mm,
IMG00329.JPG,165,6371,38.612,1.002,0,73,75,,74,mm,
IMG00330.JPG,172,14333,83.331,2.259,0,72,76,,74,mm,
IMG00331.JPG,170,10017,58.924,1.591,0,88,93,,90.5,,
IMG00332.JPG,151,6070,40.199,0.958,0,70,77,,73.5,,
IMG00333.JPG,138,4620,33.478,0.721,0,78,84,,81,,
IMG00334.JPG,174,11234,64.563,1.764,0,88,88,,88,,
IMG00335.JPG,157,6487,41.318,1.018,0,23,30,,26.5,,
IMG00336.JPG,150,5355,35.7,0.834,0,21,24,,22.5,,
IMG00337.JPG,149,6616,44.403,1.038,0,50,53,,51.5,,
IMG00338.JPG,151,3642,24.119,0.566,0,23,25,,24,,
IMG00339.JPG,491,17723,36.096,2.777,0,105,113,,109,,
IMG00340.JPG,388,16512,42.557,2.616,0,109,127,,118,,
IMG00341.JPG,452,20818,46.058,3.254,0,106,129,,117.5,,
IMG00342.JPG,451,23753,52.667,3.716,0,124,141,,132.5,,
IMG00343.JPG,494,19259,38.986,3.025,0,120,132,,126,,
IMG00344.JPG,416,22417,53.887,3.459,0,145,152,,148.5,,
IMG00345.JPG,196,12703,64.811,1.982,0,132,136,,134,,
IMG00346.JPG,152,6061,39.875,0.957,0,129,135,,132,,
IMG00347.JPG,174,9568,54.989,1.458,0,129,139,,134,,
IMG00348.JPG,186,9711,52.21,1.519,0,117,123,,120,,
IMG00349.JPG,175,10125,57.857,1.57,0,139,140,,139.5,,
IMG00350.JPG,149,4850,32.55,0.752,0,126,135,,130.5,,
IMG00351.JPG,283,8972,31.703,1.4,0,156,164,,160,,
IMG00352.JPG,280,8766,31.307,1.356,0,146,151,,148.5,,
IMG00353.JPG,332,14635,44.081,2.267,0,149,160,,154.5,,
IMG00354.JPG,333,13804,41.453,2.144,0,134,144,,139,,
IMG00355.JPG,201,8883,44.194,1.373,0,157,163,,160,,
IMG00356.JPG,338,12880,38.107,2.036,0,168,176,,172,,
IMG00357.JPG,93,9381,100.871,1.466,0,36,41,,38.5,,
IMG00358.JPG,126,5308,42.127,0.825,0,59,63,,61,,
IMG00360.JPG,118,3894,33,0.612,0,43,47,,45,,
IMG00361.JPG,109,7444,68.294,1.163,0,49,55,,52,,
IMG00362.JPG,124,14087,113.605,2.198,0,53,55,,54,,
IMG00363.JPG,106,3029,28.575,0.47,0,52,52,,52,,
IMG00364.JPG,179,11157,62.33,1.728,0,49,51,,50,,
IMG00365.JPG,135,5199,38.511,0.808,0,51,57,,54,,
IMG00366.JPG,177,11976,67.661,1.853,0,101,110,,105.5,,
IMG00367.JPG,151,6458,42.768,1.003,0,91,97,,94,,
IMG00368.JPG,190,13889,73.1,2.162,0,73,80,,76.5,,
IMG00369.JPG,151,8181,54.179,1.269,0,52,61,,56.5,,
IMG00370.JPG,298,12583,42.225,1.964,0,179,189,,184,,
IMG00371.JPG,318,15511,48.777,2.467,0,192,199,,195.5,,
IMG00372.JPG,324,11998,37.031,1.889,0,186,191,,188.5,,
IMG00373.JPG,303,18501,61.059,2.924,0,172,179,,175.5,,
IMG00374.JPG,310,13035,42.048,2.055,0,184,189,,186.5,,
IMG00375.JPG,363,15445,42.548,2.42,0,177,179,,178,,
IMG00376.JPG,270,17264,63.941,2.736,0,133,139,,136,,
IMG00377.JPG,243,18689,76.909,2.935,0,162,168,,165,,
IMG00378.JPG,229,7523,32.852,1.167,0,155,164,,159.5,,
IMG00379.JPG,224,6728,30.036,1.054,0,153,163,,158,,
IMG00380.JPG,284,16036,56.465,2.544,0,155,164,,159.5,,
IMG00381.JPG,269,9532,35.435,1.484,0,144,149,,146.5,,
IMG00382.JPG,150,7835,52.233,1.206,0,63,64,,63.5,,
IMG00383.JPG,136,4193,30.831,0.657,0,50,56,,53,,
IMG00384.JPG,157,5029,32.032,0.795,0,54,54,,54,,
IMG00385.JPG,139,6543,47.072,1.019,0,49,52,,50.5,,
IMG00386.JPG,152,7634,50.224,1.202,0,66,71,,68.5,,
IMG00387.JPG,155,5570,35.935,0.877,0,43,48,,45.5,,
IMG00388.JPG,143,4575,31.993,0.71,0,56,59,,57.5,,
IMG00389.JPG,230,7254,31.539,1.129,0,105,111,,108,,
IMG00390.JPG,236,12080,51.186,1.89,0,127,134,,130.5,,
IMG00391.JPG,233,10886,46.721,1.707,0,150,159,,154.5,,
IMG00392.JPG,246,8200,33.333,1.275,0,143,145,,144,,
IMG00393.JPG,248,8248,33.258,1.284,0,124,130,,127,,
IMG00394.JPG,178,6938,38.978,1.094,0,104,107,,105.5,,
IMG00395.JPG,90,3960,44,0.617,0,40,43,,41.5,,
IMG00396.JPG,91,3165,34.78,0.491,0,53,60,,56.5,,
IMG00397.JPG,159,4525,28.459,0.704,0,63,67,,65,,
IMG00398.JPG,164,5990,36.524,0.931,0,75,89,,82,,
IMG00399.JPG,139,3464,24.921,0.54,0,52,56,,54,,
IMG00400.JPG,151,5833,38.629,0.916,0,50,55,,52.5,,
IMG00401.JPG,397,11478,28.912,1.774,0,190,197,,193.5,,
IMG00402.JPG,388,11410,29.407,1.774,0,200,208,,204,,
IMG00403.JPG,352,12759,36.247,1.984,0,206,214,,210,,
IMG00404.JPG,386,11507,29.811,1.807,0,201,210,,205.5,,
IMG00405.JPG,399,12426,31.143,1.935,0,207,216,,211.5,,
IMG00406.JPG,353,12396,35.116,1.911,0,237,242,,239.5,,
IMG00407.JPG,516,18099,35.076,2.875,0,265,277,,271,,
IMG00408.JPG,625,19901,31.842,3.126,0,305,326,,315.5,,
IMG00409.JPG,457,17180,37.593,2.695,0,299,327,,313,,
IMG00410.JPG,470,19448,41.379,3.02,0,345,369,,357,,
IMG00411.JPG,492,17068,34.691,2.674,0,233,244,,238.5,,
IMG00412.JPG,540,17895,33.139,2.793,0,246,267,,256.5,,
IMG00426.JPG,208,36603,175.976,5.806,0,12,19,,15.5,,
IMG00427.JPG,95,3187,33.547,0.504,0,23,27,,25,,
IMG00428.JPG,265,96689,364.864,15.224,0,25,26,,25.5,,
IMG00429.JPG,189,60144,318.222,9.469,0,21,25,,23,,
IMG00430.JPG,220,80453,365.695,12.478,0,15,18,,16.5,,
IMG00431.JPG,243,86906,357.638,13.58,0,27,30,,28.5,,
IMG00432.JPG,244,89174,365.467,13.952,0,43,56,,49.5,,
IMG00433.JPG,295,97975,332.119,15.31,0,74,77,,75.5,,
IMG00434.JPG,329,21457,65.219,3.37,0,89,96,,92.5,,
IMG00435.JPG,248,28326,114.218,4.421,0,78,84,,81,,
IMG00436.JPG,331,99874,301.734,15.765,0,72,78,,75,,
IMG00437.JPG,269,100132,372.238,15.512,0,73,79,,76,,
IMG00438.JPG,283,116250,410.777,18.096,0,123,129,,126,,
IMG00439.JPG,200,77533,387.665,12.208,0,117,124,,120.5,,
IMG00440.JPG,202,99143,490.807,15.628,0,112,120,,116,,
IMG00441.JPG,247,105357,426.547,16.381,0,104,113,,108.5,,
IMG00442.JPG,221,94197,426.231,14.886,0,119,127,,123,,
IMG00443.JPG,237,79817,336.781,12.317,0,123,134,,128.5,,
IMG00444.JPG,161,75025,465.994,11.755,0,65,70,,67.5,,
IMG00445.JPG,223,93750,420.404,14.54,0,75,80,,77.5,,
IMG00446.JPG,210,96678,460.371,15.07,0,72,78,,75,,
IMG00447.JPG,195,73353,376.169,11.349,0,79,89,,84,,
IMG00448.JPG,203,75377,371.315,11.779,0,68,71,,69.5,,
IMG00449.JPG,199,99117,498.075,15.413,0,70,75,,72.5,,
IMG00450.JPG,255,71319,279.682,11.089,0,52,55,,53.5,,
IMG00451.JPG,262,61732,235.618,9.707,0,37,50,,43.5,,
IMG00452.JPG,282,80967,287.117,12.637,0,47,60,,53.5,,
IMG00453.JPG,272,118304,434.941,18.303,0,69,75,,72,,
IMG00454.JPG,278,92282,331.95,14.474,0,60,64,,62,,
IMG00455.JPG,276,59780,216.594,9.295,0,57,68,,62.5,,
IMG00456.JPG,166,39892,240.313,6.249,0,64,70,,67,,
IMG00457.JPG,237,107087,451.844,16.734,0,49,53,,51,,
IMG00458.JPG,175,11135,63.629,1.725,0,39,41,,40,,
IMG00459.JPG,213,22257,104.493,3.504,0,54,57,,55.5,,
IMG00460.JPG,188,78417,417.112,12.378,0,36,39,,37.5,dark background - way off!,
IMG00461.JPG,206,83045,403.131,12.976,0,52,53,,52.5,,
IMG00480.JPG,157,5904,37.605,0.931,0,125,126,,125.5,,
IMG00481.JPG,199,8128,40.844,1.263,0,107,109,,108,,
IMG00482.JPG,162,6166,38.062,0.959,0,107,112,,109.5,,
IMG00483.JPG,130,4946,38.046,0.763,0,89,93,,91,,
IMG00484.JPG,101,3135,31.04,0.489,0,92,97,,94.5,,
IMG00485.JPG,113,5053,44.717,0.794,0,87,94,,90.5,,
IMG00486.JPG,116,4227,36.44,0.655,0,88,93,,90.5,,
IMG00487.JPG,94,4036,42.936,0.624,0,124,134,,129,,
IMG00488.JPG,118,4537,38.449,0.718,0,113,116,127,114.5,,
IMG00489.JPG,77,2762,35.87,0.43,0,80,83,,81.5,,
IMG00490.JPG,92,3565,38.75,0.557,0,84,94,,89,,
IMG00491.JPG,59,2039,34.559,0.321,0,80,97,,88.5,,
IMG00492.JPG,75,3106,41.413,0.487,0,88,91,,89.5,,
IMG00493.JPG,38,1513,39.816,0.233,0,39,42,,40.5,,
IMG00494.JPG,41,2357,57.488,0.369,0,39,40,,39.5,,
IMG00495.JPG,60,2724,45.4,0.427,0,34,38,,36,,
IMG00496.JPG,250,10187,40.748,1.596,0,45,46,,45.5,,
IMG00497.JPG,55,2554,46.436,0.397,0,73,74,,73.5,,
IMG00498.JPG,39,2275,58.333,0.356,0,37,40,,38.5,,
IMG00499.JPG,32,1876,58.625,0.291,0,33,33,,33,,
IMG00500.JPG,33,3428,103.879,0.537,0,36,37,,36.5,,
IMG00501.JPG,27,888,32.889,0.138,0,20,24,,22,,
IMG00502.JPG,18,1770,98.333,0.277,0,21,21,,21,,
IMG00503.JPG,24,690,28.75,0.108,0,21,22,,21.5,,
IMG00504.JPG,20,725,36.25,0.113,0,17,18,,17.5,,
IMG00505.JPG,56,1936,34.571,0.303,0,59,59,,59,,
IMG00506.JPG,44,1679,38.159,0.261,0,51,52,,51.5,,
IMG00507.JPG,47,1928,41.021,0.3,0,48,53,,50.5,,
IMG00508.JPG,52,2490,47.885,0.389,0,51,52,,51.5,,
IMG00509.JPG,51,2091,41,0.33,0,42,45,,43.5,,
IMG00510.JPG,55,1822,33.127,0.287,0,50,55,,52.5,,
IMG00511.JPG,209,8834,42.268,1.374,0,202,206,,204,wrong hemocytometer section,
IMG00512.JPG,201,9437,46.95,1.473,0,192,203,,197.5,partially undigested,
IMG00513.JPG,199,9423,47.352,1.458,0,200,206,,203,partially undigested,
IMG00514.JPG,166,6664,40.145,1.04,0,123,134,,128.5,,
IMG00515.JPG,200,8580,42.9,1.342,0,177,178,,177.5,,
IMG00516.JPG,181,7502,41.448,1.162,0,140,142,,141,,
IMG00517.JPG,37,1495,40.405,0.235,0,35,41,,38,,
IMG00518.JPG,34,1216,35.765,0.191,0,22,24,,23,,
IMG00519.JPG,26,1184,45.538,0.185,0,26,28,,27,,
IMG00520.JPG,39,1520,38.974,0.239,0,27,30,,28.5,,
IMG00521.JPG,28,956,34.143,0.148,0,29,30,,29.5,,
IMG00522.JPG,35,1282,36.629,0.203,0,37,37,,37,,
IMG00536.JPG,56,2557,45.661,0.401,0,61,67,,64,,
IMG00537.JPG,55,1887,34.309,0.295,0,64,70,,67,,
IMG00538.JPG,71,2389,33.648,0.375,0,86,92,,89,,
IMG00539.JPG,70,2945,42.071,0.46,0,80,82,,81,,
IMG00540.JPG,66,2049,31.045,0.325,0,80,82,,81,,
IMG00541.JPG,48,2598,54.125,0.405,0,79,85,,82,,
IMG00542.JPG,146,8984,61.534,1.42,0,146,155,,150.5,very messy - a bit of guesswork,
IMG00543.JPG,215,10639,49.484,1.683,0,177,186,,181.5,,
IMG00544.JPG,260,15280,58.769,2.379,0,237,283,,260,partially undigested,
IMG00545.JPG,209,7811,37.373,1.231,0,213,235,,224,,
IMG00546.JPG,259,11366,43.884,1.776,0,247,257,,252,,
IMG00547.JPG,216,10860,50.278,1.699,0,203,206,,204.5,,
IMG00548.JPG,234,9407,40.201,1.455,0,221,243,,232,,
IMG00549.JPG,81,3547,43.79,0.561,0,89,94,,91.5,,
IMG00550.JPG,86,4069,47.314,0.629,0,93,97,,95,,
IMG00551.JPG,82,2966,36.171,0.468,0,89,99,,94,,
IMG00552.JPG,89,3217,36.146,0.509,0,80,87,87,83.5,,
IMG00553.JPG,73,2987,40.918,0.463,0,86,87,,86.5,filament,
IMG00554.JPG,94,4129,43.926,0.646,0,103,108,,105.5,,
IMG00555.JPG,56,2209,39.446,0.346,0,76,77,,76.5,,
IMG00556.JPG,81,3409,42.086,0.531,0,82,96,,89,,
IMG00557.JPG,63,3455,54.841,0.543,0,53,56,,54.5,,
IMG00558.JPG,104,4498,43.25,0.702,0,104,103,,103.5,,
IMG00559.JPG,79,2728,34.532,0.429,0,85,87,,86,,
IMG00560.JPG,79,2826,35.772,0.444,0,82,86,,84,,
IMG00561.JPG,90,3281,36.456,0.521,0,86,89,,87.5,,
IMG00562.JPG,58,2007,34.603,0.314,0,75,80,,77.5,,
IMG00563.JPG,115,3856,33.53,0.598,0,92,94,,93,,
IMG00564.JPG,110,3889,35.355,0.605,0,93,99,,96,,
IMG00565.JPG,95,3327,35.021,0.522,0,92,96,,94,,
IMG00566.JPG,119,4375,36.765,0.691,0,104,106,,105,,
IMG00567.JPG,118,4503,38.161,0.707,0,103,115,,109,,
IMG00568.JPG,123,4564,37.106,0.718,0,108,116,119,112,,
IMG00569.JPG,149,6159,41.336,0.97,0,147,152,,149.5,,
IMG00570.JPG,120,4744,39.533,0.746,0,83,88,,85.5,,
IMG00571.JPG,37,1275,34.459,0.199,0,37,47,,42,,
IMG00572.JPG,41,1092,26.634,0.172,0,42,45,,43.5,,
IMG00573.JPG,50,2391,47.82,0.374,0,23,39,,31,,
IMG00574.JPG,45,1492,33.156,0.234,0,60,64,65,62,,
IMG00575.JPG,37,1371,37.054,0.214,0,46,53,,49.5,,
IMG00576.JPG,45,1025,22.778,0.161,0,38,42,,40,,
IMG00588.JPG,156,6829,43.776,1.069,0,143,146,,144.5,dirty,
IMG00590.JPG,142,5062,35.648,0.791,0,108,134,,121,dirty,
IMG00591.JPG,106,2893,27.292,0.455,0,113,115,,114,,
IMG00592.JPG,134,4805,35.858,0.755,0,129,146,,137.5,dirty,
IMG00593.JPG,154,4425,28.734,0.698,0,147,149,,148,,
IMG00594.JPG,153,5851,38.242,0.925,0,107,111,,109,dirty,
IMG00595.JPG,135,4374,32.4,0.691,0,116,118,,117,,
IMG00596.JPG,111,4593,41.378,0.731,0,122,123,,122.5,,
IMG00597.JPG,83,3621,43.627,0.567,0,105,106,,105.5,,
IMG00598.JPG,86,3368,39.163,0.53,0,116,120,,118,,
IMG00599.JPG,88,3243,36.852,0.511,0,122,128,,125,,
IMG00600.JPG,73,3180,43.562,0.499,0,95,97,,96,,
IMG00601.JPG,96,4046,42.146,0.639,0,103,106,,104.5,,
IMG00602.JPG,55,2097,38.127,0.329,0,68,72,,70,,
IMG00603.JPG,76,2924,38.474,0.462,0,91,96,,93.5,,
IMG00604.JPG,85,3873,45.565,0.607,0,101,102,,101.5,,
IMG00605.JPG,86,3412,39.674,0.539,0,95,96,,95.5,,
IMG00606.JPG,83,3556,42.843,0.561,0,100,103,,101.5,,
IMG00607.JPG,88,3087,35.08,0.485,0,92,97,,94.5,,
IMG00608.JPG,125,5109,40.872,0.804,0,132,133,,132.5,dirty,
IMG00609.JPG,173,12295,71.069,1.95,0,134,142,,138,bubbles,
IMG00610.JPG,139,5498,39.554,0.864,0,127,128,,127.5,dirty,
IMG00611.JPG,105,5036,47.962,0.791,0,107,109,,108,,
IMG00612.JPG,108,4304,39.852,0.678,0,123,128,,125.5,,
IMG00613.JPG,138,4860,35.217,0.765,0,142,144,,143,,
IMG00614.JPG,25,881,35.24,0.139,0,40,48,,44,,
IMG00615.JPG,36,1756,48.778,0.274,0,63,65,,64,,
IMG00616.JPG,35,1471,42.029,0.233,0,46,47,,46.5,,
IMG00617.JPG,41,1437,35.049,0.226,0,55,59,,57,,
IMG00618.JPG,43,2353,54.721,0.37,0,89,98,,93.5,partially undigested ,
IMG00619.JPG,35,1221,34.886,0.193,0,44,45,,44.5,,
IMG00620.JPG,262,10680,40.763,1.684,0,306,322,,314,,
IMG00621.JPG,279,11715,41.989,1.808,0,300,309,,304.5,,
IMG00622.JPG,223,8615,38.632,1.338,0,241,267,,254,,
IMG00623.JPG,248,9922,40.008,1.572,0,304,310,,307,,
IMG00624.JPG,231,7620,32.987,1.2,0,265,282,,273.5,,
IMG00625.JPG,236,9205,39.004,1.456,0,259,276,,267.5,a little dirty,
IMG00626.JPG,88,5853,66.511,0.924,0,118,131,124,124.5,,
IMG00627.JPG,96,5198,54.146,0.808,0,114,122,,118,dirty,
IMG00628.JPG,86,2975,34.593,0.467,0,105,106,,105.5,dirty,
IMG00629.JPG,118,4260,36.102,0.67,0,107,119,,113,,
IMG00630.JPG,122,4617,37.844,0.72,0,105,118,98,111.5,,
IMG00631.JPG,107,3402,31.794,0.538,0,91,98,109,94.5,,
IMG00632.JPG,241,8878,36.838,1.389,0,268,277,290,272.5,,
IMG00633.JPG,231,8531,36.931,1.343,0,233,259,261,246,clear photo,
IMG00634.JPG,202,7451,36.886,1.191,0,238,255,,246.5,clear photo,
IMG00635.JPG,205,8194,39.971,1.29,0,230,233,,231.5,,
IMG00636.JPG,213,7395,34.718,1.164,0,251,251,,251,,
IMG00637.JPG,229,7940,34.672,1.244,0,248,253,,250.5,,
IMG00654.JPG,112,3385,30.223,0.534,0,192,206,,199,,
IMG00655.JPG,174,6063,34.845,0.957,0,176,185,,180.5,clear photo,
IMG00656.JPG,132,4283,32.447,0.675,0,142,144,,143,clear photo,
IMG00657.JPG,133,5105,38.383,0.799,0,137,148,,142.5,clear photo,
IMG00658.JPG,87,2922,33.586,0.457,0,131,132,,131.5,clear photo,
IMG00659.JPG,165,6078,36.836,0.951,0,198,201,,199.5,clear photo,
IMG00715.JPG,398,446056,1120.744,70.136,0,75,80,,77.5,,
IMG00716.JPG,46,2259,49.109,0.352,0,70,73,,71.5,,
IMG00717.JPG,68,2811,41.338,0.442,0,86,87,,86.5,,
IMG00718.JPG,56,2360,42.143,0.367,0,67,73,,70,,
IMG00719.JPG,67,2380,35.522,0.375,0,80,81,,80.5,,
IMG00720.JPG,76,2782,36.605,0.435,0,94,98,,96,,
IMG00721.JPG,49,2833,57.816,0.444,0,32,34,,33,,
IMG00722.JPG,46,2071,45.022,0.324,0,33,36,,34.5,,
IMG00723.JPG,50,1581,31.62,0.246,0,13,16,,14.5,,
IMG00724.JPG,49,2083,42.51,0.333,0,11,16,,13.5,,
IMG00725.JPG,39,1418,36.359,0.222,0,13,19,,16,,
IMG00726.JPG,54,2040,37.778,0.319,0,16,23,,19.5,,
IMG00727.JPG,75,6396,85.28,1,0,104,107,,105.5,partially undigested,
IMG00728.JPG,84,4508,53.667,0.705,0,137,143,,140,partially undigested,
IMG00729.JPG,46,1922,41.783,0.3,0,68,72,,70,,
IMG00730.JPG,75,2873,38.307,0.445,0,91,91,,91,,
IMG00731.JPG,65,3465,53.308,0.541,0,91,93,,92,partially undigested,
IMG00732.JPG,62,3400,54.839,0.535,0,71,71,,71,,
IMG00733.JPG,66,3767,57.076,0.593,0,77,79,,78,,
IMG00734.JPG,55,3287,59.764,0.514,0,86,91,,88.5,,
IMG00735.JPG,76,4028,53,0.633,0,130,130,,130,,
IMG00736.JPG,42,2317,55.167,0.366,0,60,62,,61,,
IMG00737.JPG,56,3226,57.607,0.51,0,76,77,,76.5,,
IMG00738.JPG,46,2435,52.935,0.382,0,72,71,,71.5,,
IMG00739.JPG,86,3543,41.198,0.558,0,101,105,,103,,
IMG00740.JPG,89,4081,45.854,0.633,0,109,111,,110,,
IMG00741.JPG,61,2438,39.967,0.382,0,67,70,,68.5,,
IMG00742.JPG,62,2324,37.484,0.365,0,93,95,,94,,
IMG00743.JPG,84,3513,41.821,0.559,0,98,100,,99,,
IMG00744.JPG,86,3859,44.872,0.597,0,108,114,,111,,
IMG00745.JPG,106,9169,86.5,1.433,0,152,155,,153.5,super undigested,
IMG00746.JPG,67,5254,78.418,0.828,0,63,75,,69,,
IMG00747.JPG,74,4745,64.122,0.751,0,45,47,,46,,
IMG00748.JPG,59,2933,49.712,0.457,0,45,47,,46,,
IMG00749.JPG,58,1915,33.017,0.303,0,44,46,,45,,
IMG00750.JPG,148,4901,33.115,0.767,0,87,90,,88.5,,
IMG00751.JPG,185,8102,43.795,1.268,0,106,108,,107,dirty!,
IMG00752.JPG,168,4706,28.012,0.733,0,108,117,,112.5,,
IMG00753.JPG,187,6410,34.278,1.01,0,117,119,,118,,
IMG00754.JPG,157,5620,35.796,0.886,0,89,92,,90.5,,
IMG00755.JPG,126,4330,34.365,0.683,0,80,95,,87.5,,
IMG00756.JPG,72,2344,32.556,0.37,0,82,89,,85.5,,
IMG00757.JPG,68,1833,26.956,0.291,0,53,54,,53.5,,
IMG00758.JPG,71,2105,29.648,0.332,0,85,85,,85,,
IMG00759.JPG,82,2862,34.902,0.447,0,96,107,,101.5,,
IMG00760.JPG,82,2969,36.207,0.466,0,94,97,,95.5,,
IMG00761.JPG,68,2745,40.368,0.429,0,79,81,,80,,
IMG00762.JPG,51,1929,37.824,0.307,0,143,154,,148.5,massively undigested,
IMG00763.JPG,33,1727,52.333,0.271,0,57,59,,58,,
IMG00764.JPG,59,2448,41.492,0.379,0,74,86,,80,,
IMG00765.JPG,56,2732,48.786,0.423,0,119,121,,120,,
IMG00766.JPG,397,19812,49.904,3.127,0,115,115,,115,dirty!,total guess on these
IMG00767.JPG,457,20431,44.707,3.209,0,138,140,,139,dirty!,total guess on these
IMG00768.JPG,385,17464,45.361,2.709,0,118,125,,121.5,dirty!,total guess on these
IMG00769.JPG,344,13817,40.166,2.197,0,99,102,,100.5,dirty!,total guess on these
IMG00770.JPG,332,13543,40.792,2.127,0,102,109,,105.5,dirty!,total guess on these
IMG00771.JPG,362,15300,42.265,2.403,0,93,104,,98.5,dirty!,total guess on these
IMG00772.JPG,47,2200,46.809,0.344,0,79,82,,80.5,,
IMG00773.JPG,82,3227,39.354,0.505,0,87,91,,89,,
IMG00774.JPG,63,2744,43.556,0.434,0,67,67,,67,,
IMG00775.JPG,55,2910,52.909,0.462,0,63,65,,64,,
IMG00776.JPG,98,4049,41.316,0.64,0,91,98,,94.5,,
IMG00777.JPG,78,3249,41.654,0.507,0,93,95,,94,,
IMG00778.JPG,46,2149,46.717,0.34,0,69,72,,70.5,,
IMG00779.JPG,77,3639,47.26,0.567,0,109,119,,114,partially undigested,
IMG00780.JPG,74,3168,42.811,0.494,0,81,83,,82,partially undigested,
IMG00781.JPG,91,6767,74.363,1.061,0,115,125,,120,partially undigested,
IMG00782.JPG,71,3519,49.563,0.544,0,82,89,,85.5,partially undigested,
IMG00783.JPG,108,7568,70.074,1.195,0,86,105,,95.5,partially undigested,blurry
IMG00827.JPG,211,18045,85.521,2.834,0,206,226,226,216,clear!,
IMG00828.JPG,273,31506,115.407,4.954,0,236,239,,237.5,,
IMG00829.JPG,225,19630,87.244,3.06,0,195,201,,198,,
IMG00830.JPG,300,13800,46,2.17,0,223,224,,223.5,,
IMG00831.JPG,234,13975,59.722,2.151,0,200,210,,205,,
IMG00832.JPG,225,11823,52.547,1.864,0,234,235,,234.5,,
IMG00833.JPG,160,10761,67.256,1.694,0,71,73,,72,,
IMG00834.JPG,142,7348,51.746,1.163,0,71,74,,72.5,,
IMG00835.JPG,137,6293,45.934,0.982,0,76,77,,76.5,,
IMG00836.JPG,133,11440,86.015,1.806,0,68,69,,68.5,,
IMG00837.JPG,169,13558,80.225,2.116,0,73,76,,74.5,,
IMG00838.JPG,151,8883,58.828,1.392,0,77,81,,79,,
IMG00839.JPG,83,6344,76.434,0.985,0,38,39,,38.5,unusual looking,
IMG00840.JPG,106,15321,144.538,2.394,0,11,12,,11.5,unusual looking,
IMG00841.JPG,89,13272,149.124,2.074,0,9,11,,10,,
IMG00842.JPG,154,26177,169.981,4.07,0,43,45,,44,,
IMG00843.JPG,137,16340,119.27,2.547,0,79,81,,80,,
IMG00844.JPG,196,13832,70.571,2.172,0,127,128,,127.5,,
IMG00845.JPG,255,80061,313.965,12.51,0,177,185,,181,,
IMG00846.JPG,182,6024,33.099,0.953,0,26,27,,26.5,,
IMG00847.JPG,195,5634,28.892,0.881,0,50,53,,51.5,,
IMG00848.JPG,92,3079,33.467,0.475,0,19,19,,19,,
IMG00849.JPG,84,5982,71.214,0.936,0,21,23,,22,,
IMG00850.JPG,459,21662,47.194,3.381,0,97,104,,100.5,messy,
IMG00851.JPG,462,18101,39.18,2.861,0,77,98,,87.5,messy,
IMG00852.JPG,367,30101,82.019,4.751,0,130,145,,137.5,,
IMG00853.JPG,398,17386,43.683,2.72,0,141,150,,145.5,partially undigested,
IMG00854.JPG,429,22936,53.464,3.566,0,177,181,,179,,
IMG00855.JPG,453,19617,43.305,3.12,0,196,212,,204,,
IMG00856.JPG,113,4898,43.345,0.758,0,57,61,65,59,,
IMG00857.JPG,92,3185,34.62,0.495,0,73,74,,73.5,,
IMG00858.JPG,621,39919,64.282,6.292,0,128,137,,132.5,super messy,
IMG00859.JPG,570,28174,49.428,4.375,0,95,98,124,96.5,super messy,
IMG00860.JPG,197,7599,38.574,1.192,0,32,32,,32,,
IMG00861.JPG,164,17836,108.756,2.815,0,19,24,,21.5,,
IMG00862.JPG,114,11871,104.132,1.864,0,66,68,,67,,
IMG00863.JPG,180,18239,101.328,2.868,0,112,127,,119.5,,
IMG00864.JPG,97,6422,66.206,1.008,0,19,19,,19,clumped,
IMG00865.JPG,55,1941,35.291,0.305,0,9,11,,10,,
IMG00866.JPG,114,6789,59.553,1.065,0,85,92,,88.5,,
IMG00867.JPG,138,6495,47.065,1.025,0,75,77,,76,,
IMG00868.JPG,145,8228,56.745,1.297,0,13,16,,14.5,clumped,
IMG00869.JPG,129,21790,168.915,3.427,0,35,40,,37.5,clumped,
IMG00870.JPG,126,13165,104.484,2.06,0,95,96,,95.5,,
IMG00871.JPG,161,21737,135.012,3.422,0,107,109,,108,,
IMG00872.JPG,408,25704,63,4.031,0,107,110,,108.5,,
IMG00873.JPG,310,15706,50.665,2.448,0,90,91,,90.5,smudgy,
IMG00874.JPG,82,7629,93.037,1.188,0,123,127,,125,bubbles!,
IMG00875.JPG,79,7602,96.228,1.206,0,128,134,,131,,
IMG00876.JPG,107,3741,34.963,0.59,0,145,150,,147.5,,
IMG00877.JPG,141,4601,32.631,0.724,0,160,164,,162,,
IMG00878.JPG,120,3780,31.5,0.594,0,163,165,,164,,
IMG00879.JPG,132,4259,32.265,0.672,0,149,155,,152,,
IMG00880.JPG,87,2967,34.103,0.464,0,111,121,123,116,,107
IMG00881.JPG,108,4808,44.519,0.751,0,107,111,,109,,
IMG00882.JPG,95,3531,37.168,0.554,0,110,111,,110.5,,
IMG00883.JPG,136,4249,31.243,0.671,0,136,147,,141.5,,
IMG00884.JPG,151,5368,35.55,0.836,0,167,171,186,169,,
IMG00885.JPG,89,3547,39.854,0.56,0,113,120,,116.5,,
IMG00886.JPG,38,2415,63.553,0.379,0,53,54,58,53.5,,
IMG00887.JPG,56,2298,41.036,0.365,0,64,65,,64.5,,
IMG00888.JPG,52,2268,43.615,0.354,0,68,69,,68.5,,
IMG00889.JPG,42,1109,26.405,0.173,0,55,56,,55.5,,
IMG00890.JPG,54,2219,41.093,0.346,0,72,74,,73,,
IMG00891.JPG,49,1504,30.694,0.236,0,75,78,,76.5,,
IMG00892.JPG,127,4245,33.425,0.675,0,140,145,,142.5,,
IMG00893.JPG,85,2740,32.235,0.434,0,100,109,,104.5,,
IMG00894.JPG,112,3543,31.634,0.547,0,122,129,,125.5,,
IMG00895.JPG,100,3512,35.12,0.544,0,109,109,,109,,
IMG00896.JPG,100,3702,37.02,0.581,0,114,114,,114,,
IMG00897.JPG,89,3214,36.112,0.499,0,101,108,,104.5,,
IMG00898.JPG,47,1482,31.532,0.231,0,53,57,,55,,
IMG00899.JPG,53,1787,33.717,0.276,0,65,66,,65.5,,
IMG00900.JPG,71,2165,30.493,0.34,0,70,76,77,73,83,
IMG00901.JPG,53,2179,41.113,0.339,0,72,79,,75.5,,
IMG00902.JPG,52,1845,35.481,0.287,0,71,71,,71,,
IMG00903.JPG,53,1671,31.528,0.261,0,53,56,,54.5,,
IMG00904.JPG,30,1042,34.733,0.164,0,40,41,,40.5,,
IMG00905.JPG,49,2883,58.837,0.444,0,63,65,,64,,
IMG00906.JPG,22,1174,53.364,0.185,0,26,28,,27,,
IMG00907.JPG,38,2530,66.579,0.398,0,46,47,,46.5,,
IMG00908.JPG,33,931,28.212,0.148,0,40,41,,40.5,,
IMG00909.JPG,38,1082,28.474,0.168,0,46,50,,48,,
IMG00910.JPG,33,2327,70.515,0.369,0,48,51,,49.5,,
IMG00911.JPG,40,2368,59.2,0.373,0,46,48,,47,,
IMG00912.JPG,29,926,31.931,0.145,0,45,47,,46,,
IMG00913.JPG,25,2114,84.56,0.33,0,39,43,,41,,
IMG00914.JPG,38,1252,32.947,0.196,0,54,56,,55,,
IMG00915.JPG,42,4764,113.429,0.748,0,50,58,,54,,
IMG00916.JPG,25,2630,105.2,0.414,0,22,28,,25,,
IMG00917.JPG,19,390,20.526,0.062,0,18,20,,19,,
IMG00918.JPG,18,407,22.611,0.064,0,20,25,,22.5,,
IMG00919.JPG,17,769,45.235,0.12,0,21,23,,22,,
IMG00920.JPG,7,216,30.857,0.034,0,16,23,,19.5,,
IMG00921.JPG,11,228,20.727,0.036,0,14,16,,15,,
IMG00922.JPG,40,1799,44.975,0.284,0,48,53,,50.5,,
IMG00923.JPG,30,877,29.233,0.137,0,35,36,,35.5,,
IMG00924.JPG,22,665,30.227,0.104,0,34,39,,36.5,,
IMG00925.JPG,39,3026,77.59,0.472,0,39,42,,40.5,,
IMG00926.JPG,44,2318,52.682,0.364,0,57,58,,57.5,,
IMG00927.JPG,21,789,37.571,0.124,0,32,35,,33.5,,
IMG00928.JPG,29,766,26.414,0.12,0,54,62,,58,,
IMG00929.JPG,34,914,26.882,0.143,0,52,53,,52.5,,
IMG00930.JPG,39,1641,42.077,0.254,0,43,49,,46,,
IMG00931.JPG,36,932,25.889,0.146,0,58,65,,61.5,,
IMG00932.JPG,30,1627,54.233,0.257,0,43,48,,45.5,,
IMG00933.JPG,47,1125,23.936,0.176,0,63,66,,64.5,,
IMG00934.JPG,53,1540,29.057,0.242,0,67,70,,68.5,,
IMG00935.JPG,46,1695,36.848,0.268,0,57,58,,57.5,,
IMG00936.JPG,37,1032,27.892,0.162,0,45,55,,50,,
IMG00937.JPG,42,1263,30.071,0.199,0,56,62,,59,,
IMG00938.JPG,42,1025,24.405,0.161,0,57,61,,59,,
IMG00939.JPG,25,765,30.6,0.119,0,58,61,,59.5,,
IMG00940.JPG,45,1094,24.311,0.172,0,54,57,,55.5,,
IMG00941.JPG,72,1709,23.736,0.266,0,137,139,,138,,
IMG00942.JPG,128,3911,30.555,0.61,0,156,158,,157,clear photo,
IMG00943.JPG,118,3027,25.653,0.473,0,153,156,,154.5,clear photo,
IMG00944.JPG,111,3326,29.964,0.523,0,164,167,,165.5,,
IMG00945.JPG,89,2378,26.719,0.372,0,140,141,,140.5,,
IMG00946.JPG,118,3300,27.966,0.512,0,160,164,,162,,
IMG00947.JPG,497,18741,37.708,2.932,0,225,241,,233,"messy, impossible to count",
IMG00948.JPG,483,18155,37.588,2.844,0,214,246,,230,"messy, impossible to count",
IMG00949.JPG,394,16220,41.168,2.534,0,242,250,,246,"messy, impossible to count",
IMG00950.JPG,555,22452,40.454,3.526,0,187,211,,199,"messy, impossible to count",
IMG00951.JPG,442,18092,40.932,2.841,0,227,276,,251.5,"messy, impossible to count",
IMG00952.JPG,438,15069,34.404,2.372,0,215,251,,233,"messy, impossible to count",
IMG00953.JPG,463,16422,35.469,2.54,0,262,270,203,266,"messy, impossible to count",
IMG00954.JPG,53,1530,28.868,0.24,0,67,73,,70,,
IMG00955.JPG,49,2379,48.551,0.372,0,68,69,70,68.5,70,
IMG00956.JPG,75,2051,27.347,0.321,0,83,89,,86,,
IMG00957.JPG,34,1067,31.382,0.169,0,53,64,,58.5,,
IMG00958.JPG,36,972,27,0.153,0,66,69,,67.5,,
IMG00959.JPG,59,2327,39.441,0.363,0,78,82,,80,,
IMG00960.JPG,27,1112,41.185,0.173,0,26,31,,28.5,,
IMG00961.JPG,24,664,27.667,0.103,0,54,55,,54.5,,
IMG00962.JPG,17,374,22,0.058,0,35,53,,44,,
IMG00963.JPG,24,1248,52,0.195,0,41,34,,37.5,,
IMG00964.JPG,26,801,30.808,0.126,0,33,38,,35.5,,
IMG00965.JPG,32,1575,49.219,0.249,0,43,44,,43.5,,
IMG00966.JPG,23,651,28.304,0.102,0,34,37,,35.5,,
IMG00967.JPG,20,956,47.8,0.149,0,29,30,,29.5,,
IMG00968.JPG,25,1133,45.32,0.178,0,38,39,,38.5,,
IMG00969.JPG,25,1121,44.84,0.177,0,39,39,,39,,
IMG00970.JPG,22,881,40.045,0.137,0,32,33,,32.5,,
IMG00971.JPG,12,549,45.75,0.087,0,26,31,,28.5,,
IMG00972.JPG,17,1255,73.824,0.197,0,23,23,,23,,
IMG00973.JPG,17,418,24.588,0.065,0,14,21,,17.5,,
IMG00974.JPG,17,331,19.471,0.052,0,31,33,,32,,
IMG00975.JPG,21,564,26.857,0.089,0,37,38,,37.5,,
IMG00976.JPG,18,742,41.222,0.115,0,27,35,,31,,
IMG00977.JPG,50,1516,30.32,0.236,0,32,47,,39.5,messy,
IMG00978.JPG,41,2301,56.122,0.363,0,27,30,,28.5,messy,
IMG00979.JPG,12,424,35.333,0.067,0,21,27,,24,,
IMG00980.JPG,22,705,32.045,0.111,0,27,35,,31,,
IMG00981.JPG,39,1070,27.436,0.166,0,32,34,,33,,
IMG00982.JPG,48,2149,44.771,0.335,0,36,45,,40.5,,
IMG00983.JPG,33,1147,34.758,0.18,0,54,55,,54.5,,
IMG00984.JPG,47,2416,51.404,0.382,0,52,55,,53.5,,
IMG00985.JPG,37,1189,32.135,0.187,0,47,49,,48,,
IMG00986.JPG,47,1925,40.957,0.303,0,64,64,,64,,
IMG00987.JPG,41,1215,29.634,0.188,0,63,64,,63.5,,
IMG00988.JPG,41,1307,31.878,0.205,0,48,50,,49,,
IMG00989.JPG,52,2555,49.135,0.398,0,41,42,,41.5,messy,
IMG00990.JPG,43,1539,35.791,0.24,0,40,48,,44,,
IMG00991.JPG,37,1266,34.216,0.198,0,40,47,,43.5,,
IMG00992.JPG,58,1856,32,0.292,0,38,40,,39,,
IMG00993.JPG,51,1965,38.529,0.306,0,49,53,,51,,
IMG00994.JPG,52,1341,25.788,0.211,0,50,51,,50.5,,
IMG00995.JPG,66,2346,35.545,0.367,0,75,85,,80,,
IMG00996.JPG,91,4378,48.11,0.685,0,73,78,,75.5,,
IMG00997.JPG,104,3475,33.413,0.546,0,110,114,,112,,
IMG00998.JPG,69,2580,37.391,0.401,0,87,94,,90.5,,
IMG00999.JPG,62,1731,27.919,0.269,0,77,78,,77.5,,
IMG01000.JPG,75,4462,59.493,0.698,0,65,67,,66,,
IMG01001.JPG,219,7465,34.087,1.177,0,100,119,,109.5,"dirty, impossible to discern",
IMG01002.JPG,250,8578,34.312,1.34,0,150,162,,156,"dirty, impossible to discern",
IMG01003.JPG,278,8768,31.54,1.375,0,139,145,,142,dirty,
IMG01004.JPG,64,2756,43.062,0.43,0,42,49,,45.5,,
IMG01005.JPG,47,1733,36.872,0.27,0,36,39,,37.5,,
IMG01006.JPG,149,5517,37.027,0.852,0,126,131,,128.5,,
IMG01007.JPG,134,4708,35.134,0.736,0,87,87,95,87,dirty,110
IMG01008.JPG,21,601,28.619,0.094,0,42,47,,44.5,,
IMG01009.JPG,19,410,21.579,0.064,0,41,43,,42,,
IMG01010.JPG,29,1230,42.414,0.192,0,51,53,,52,,
IMG01011.JPG,21,679,32.333,0.108,0,41,44,,42.5,,
IMG01012.JPG,13,280,21.538,0.044,0,20,24,,22,,
IMG01013.JPG,16,316,19.75,0.05,0,32,32,,32,,
IMG01014.JPG,69,3067,44.449,0.48,0,82,83,,82.5,,
IMG01015.JPG,46,1229,26.717,0.194,0,54,59,,56.5,,
IMG01016.JPG,60,1886,31.433,0.298,0,100,107,,103.5,,
IMG01017.JPG,37,1238,33.459,0.195,0,59,69,,64,,
IMG01018.JPG,49,1793,36.592,0.279,0,80,85,,82.5,,
IMG01019.JPG,54,1826,33.815,0.285,0,82,89,,85.5,,
IMG01020.JPG,21,654,31.143,0.101,0,50,51,,50.5,,
IMG01021.JPG,31,784,25.29,0.123,0,33,33,,33,,
IMG01022.JPG,21,565,26.905,0.088,0,30,32,,31,,
IMG01023.JPG,33,1064,32.242,0.165,0,37,39,,38,,
IMG01024.JPG,10,179,17.9,0.027,0,21,25,,23,,
IMG01025.JPG,19,886,46.632,0.139,0,26,28,,27,,
IMG01026.JPG,32,1655,51.719,0.26,0,37,38,,37.5,,
IMG01027.JPG,31,882,28.452,0.138,0,50,54,,52,,
IMG01028.JPG,21,561,26.714,0.087,0,30,34,,32,,
IMG01029.JPG,24,671,27.958,0.104,0,37,39,41,38,,
IMG01030.JPG,26,511,19.654,0.081,0,34,37,,35.5,,
IMG01031.JPG,34,955,28.088,0.15,0,43,44,,43.5,,
IMG01032.JPG,23,729,31.696,0.113,0,22,26,,24,,
IMG01033.JPG,31,1018,32.839,0.16,0,27,27,,27,,
IMG01034.JPG,17,765,45,0.119,0,22,24,,23,,
IMG01035.JPG,35,859,24.543,0.135,0,36,38,,37,,
IMG01036.JPG,32,1087,33.969,0.171,0,26,28,,27,,
IMG01037.JPG,24,806,33.583,0.126,0,26,29,,27.5,,
IMG01038.JPG,27,1702,63.037,0.267,0,64,86,,75,partially undigested,
IMG01039.JPG,40,2532,63.3,0.396,0,79,82,,80.5,,
IMG01040.JPG,35,1530,43.714,0.239,0,69,81,,75,,
IMG01041.JPG,37,1327,35.865,0.208,0,62,63,,62.5,,
IMG01042.JPG,25,859,34.36,0.132,0,58,74,,66,,
IMG01043.JPG,68,3839,56.456,0.605,0,113,123,,118,partially undigested,
IMG01044.JPG,15,333,22.2,0.052,0,27,27,,27,,
IMG01045.JPG,10,258,25.8,0.04,0,29,30,,29.5,,
IMG01046.JPG,11,317,28.818,0.05,0,25,27,,26,,
IMG01047.JPG,31,899,29,0.139,0,43,51,,47,,
IMG01048.JPG,26,642,24.692,0.1,0,31,35,,33,,
IMG01049.JPG,18,474,26.333,0.074,0,28,34,,31,,
IMG01050.JPG,21,562,26.762,0.088,0,51,54,,52.5,,
IMG01051.JPG,41,2267,55.293,0.355,0,68,72,,70,,
IMG01052.JPG,20,747,37.35,0.116,0,33,34,,33.5,,
IMG01053.JPG,12,293,24.417,0.046,0,16,16,,16,,
IMG01054.JPG,9,500,55.556,0.078,0,50,55,,52.5,,
IMG01055.JPG,43,1073,24.953,0.167,0,89,90,,89.5,,
IMG01056.JPG,40,2158,53.95,0.335,0,120,132,,126,*,
IMG01057.JPG,79,2828,35.797,0.439,0,139,141,,140,,
IMG01058.JPG,88,3303,37.534,0.518,0,165,169,,167,,
IMG01059.JPG,114,3864,33.895,0.608,0,145,166,,155.5,,
IMG01060.JPG,87,2708,31.126,0.423,0,137,140,144,138.5,,
IMG01061.JPG,92,3846,41.804,0.604,0,124,129,,126.5,,
IMG01062.JPG,28,993,35.464,0.156,0,63,72,,67.5,,
IMG01063.JPG,41,1018,24.829,0.158,0,82,83,,82.5,,
IMG01064.JPG,40,1448,36.2,0.229,0,59,64,,61.5,,
IMG01065.JPG,50,1480,29.6,0.231,0,78,79,,78.5,,
IMG01066.JPG,33,1150,34.848,0.177,0,65,71,,68,,
IMG01067.JPG,45,1274,28.311,0.195,0,71,75,,73,,
IMG01068.JPG,111,3959,35.667,0.62,0,102,105,,103.5,,
IMG01069.JPG,104,3145,30.24,0.49,0,92,102,,97,,
IMG01070.JPG,94,3228,34.34,0.505,0,95,104,,99.5,,
IMG01071.JPG,127,4369,34.402,0.687,0,114,118,106,116,,
IMG01072.JPG,81,2661,32.852,0.415,0,101,107,,104,,
IMG01073.JPG,91,2643,29.044,0.411,0,93,94,,93.5,,
IMG01074.JPG,160,6369,39.806,0.99,0,142,145,,143.5,messy,
IMG01075.JPG,171,5611,32.813,0.867,0,146,146,,146,,
IMG01076.JPG,155,6448,41.6,1.022,0,131,137,,134,,
IMG01077.JPG,163,6294,38.613,0.985,0,135,149,,142,messy,
IMG01078.JPG,167,6277,37.587,0.98,0,134,148,117,141,,
IMG01079.JPG,159,5550,34.906,0.867,0,152,157,121,154.5,,
IMG01080.JPG,173,5859,33.867,0.919,0,163,177,,170,,
IMG01081.JPG,11,872,79.273,0.137,0,18,21,,19.5,,
IMG01082.JPG,21,831,39.571,0.128,0,29,31,,30,,
IMG01083.JPG,20,471,23.55,0.073,0,28,36,,32,,
IMG01084.JPG,16,564,35.25,0.086,0,30,41,,35.5,,
IMG01085.JPG,23,777,33.783,0.121,0,34,43,,38.5,,
IMG01086.JPG,21,629,29.952,0.097,0,37,46,,41.5,,
IMG01087.JPG,14,349,24.929,0.055,0,23,25,,24,,
IMG01088.JPG,31,3368,108.645,0.532,0,47,53,,50,,
IMG01089.JPG,22,536,24.364,0.083,0,38,46,,42,,
IMG01090.JPG,23,641,27.87,0.097,0,44,46,,45,,
IMG01091.JPG,16,410,25.625,0.065,0,32,38,,35,,
IMG01092.JPG,27,620,22.963,0.095,0,41,45,,43,,
IMG01093.JPG,44,1104,25.091,0.172,0,78,79,,78.5,,
IMG01094.JPG,34,1057,31.088,0.164,0,51,62,,56.5,,
IMG01095.JPG,19,452,23.789,0.071,0,44,46,,45,,
IMG01096.JPG,45,1437,31.933,0.225,0,59,63,,61,,
IMG01097.JPG,36,970,26.944,0.151,0,53,56,,54.5,,
IMG01098.JPG,25,584,23.36,0.091,0,43,45,,44,,
IMG01099.JPG,85,2866,33.718,0.438,0,131,134,,132.5,,
IMG01100.JPG,128,5560,43.438,0.852,0,171,173,,172,,
IMG01101.JPG,77,2321,30.143,0.355,0,128,142,,135,,
IMG01102.JPG,62,1748,28.194,0.269,0,87,92,,89.5,,
IMG01103.JPG,62,1900,30.645,0.293,0,108,117,,112.5,,
IMG01104.JPG,83,2500,30.12,0.386,0,101,117,,109,,
IMG01105.JPG,69,2225,32.246,0.34,0,107,118,,112.5,,
IMG01106.JPG,78,3813,48.885,0.597,0,88,103,,95.5,,
IMG01107.JPG,50,1172,23.44,0.181,0,73,87,,80,,
IMG01108.JPG,62,1642,26.484,0.255,0,80,84,,82,,
IMG01109.JPG,62,2182,35.194,0.333,0,95,97,,96,,
IMG01110.JPG,48,1313,27.354,0.205,0,61,67,,64,,
IMG01111.JPG,34,827,24.324,0.129,0,57,58,,57.5,,
IMG01112.JPG,60,1622,27.033,0.252,0,76,78,,77,,
IMG01113.JPG,129,5764,44.682,0.901,0,99,110,,104.5,messy,
IMG01114.JPG,73,2301,31.521,0.355,0,79,96,,87.5,,
IMG01115.JPG,45,1873,41.622,0.291,0,90,99,83,94.5,dirty,104
IMG01116.JPG,87,2430,27.931,0.377,0,104,128,125,116,,
IMG01117.JPG,62,2031,32.758,0.313,0,80,82,,81,,
IMG01118.JPG,46,1149,24.978,0.178,0,71,74,,72.5,,
IMG01119.JPG,34,957,28.147,0.149,0,60,64,,62,,
IMG01120.JPG,31,914,29.484,0.141,0,72,79,,75.5,,
IMG01121.JPG,49,1390,28.367,0.216,0,70,75,,72.5,,
IMG01122.JPG,41,1084,26.439,0.17,0,73,75,,74,,
IMG01123.JPG,49,1504,30.694,0.236,0,72,73,,72.5,,
IMG01124.JPG,47,1732,36.851,0.268,0,54,57,,55.5,,
IMG01125.JPG,47,1569,33.383,0.247,0,41,47,,44,,
IMG01126.JPG,34,1052,30.941,0.162,0,47,50,,48.5,,
IMG01127.JPG,29,1012,34.897,0.159,0,44,52,,48,,
IMG01128.JPG,41,1262,30.78,0.195,0,55,58,,56.5,super undigested,
IMG01129.JPG,80,3376,42.2,0.527,0,118,124,,121,super undigested,
IMG01130.JPG,96,5517,57.469,0.85,0,141,157,,149,super undigested,
IMG01131.JPG,81,2338,28.864,0.367,0,77,85,,81,,
IMG01132.JPG,103,4161,40.398,0.646,0,112,116,,114,,
IMG01133.JPG,87,3312,38.069,0.518,0,93,106,,99.5,,
IMG01134.JPG,52,1300,25,0.204,0,72,82,,77,,
IMG01135.JPG,122,3773,30.926,0.584,0,121,122,,121.5,,
IMG01136.JPG,154,5771,37.474,0.894,0,123,124,,123.5,,
IMG01137.JPG,88,2751,31.261,0.434,0,95,97,,96,,
IMG01138.JPG,160,6775,42.344,1.06,0,109,110,,109.5,,
IMG01139.JPG,91,2388,26.242,0.369,0,174,175,,174.5,,
IMG01140.JPG,108,2829,26.194,0.436,0,156,163,,159.5,,
IMG01141.JPG,132,3771,28.568,0.586,0,175,182,,178.5,,
IMG01142.JPG,105,2807,26.733,0.432,0,142,147,,144.5,,
IMG01143.JPG,22,826,37.545,0.129,0,21,22,,21.5,,
IMG01144.JPG,7,1210,172.857,0.189,0,11,13,,12,,
IMG01145.JPG,9,212,23.556,0.033,0,9,11,,10,,
IMG01146.JPG,22,1221,55.5,0.189,0,25,25,,25,,
IMG01147.JPG,41,946,23.073,0.146,0,65,74,,69.5,,
IMG01148.JPG,54,1410,26.111,0.219,0,78,82,,80,,
IMG01149.JPG,37,927,25.054,0.145,0,65,73,,69,,
IMG01150.JPG,58,1433,24.707,0.224,0,86,91,,88.5,,
IMG01151.JPG,24,584,24.333,0.091,0,21,23,,22,,
IMG01152.JPG,27,991,36.704,0.154,0,23,23,,23,,
IMG01153.JPG,37,1161,31.378,0.18,0,23,25,,24,,
IMG01154.JPG,29,938,32.345,0.145,0,22,27,,24.5,,
IMG01155.JPG,53,1906,35.962,0.298,0,71,79,,75,,
IMG01156.JPG,52,2012,38.692,0.315,0,59,72,,65.5,,
IMG01157.JPG,66,2966,44.939,0.454,0,86,93,,89.5,,
IMG01158.JPG,61,2351,38.541,0.369,0,85,93,,89,,
IMG01159.JPG,65,1623,24.969,0.252,0,124,129,,126.5,,
IMG01160.JPG,85,2149,25.282,0.337,0,131,135,,133,,
IMG01161.JPG,79,1964,24.861,0.302,0,121,131,,126,,
IMG01162.JPG,34,781,22.971,0.122,0,117,120,,118.5,,
IMG01163.JPG,24,483,20.125,0.075,0,52,64,,58,,
IMG01164.JPG,44,1331,30.25,0.209,0,65,70,,67.5,,
IMG01165.JPG,32,696,21.75,0.108,0,67,67,,67,,
IMG01166.JPG,28,621,22.179,0.097,0,70,76,,73,,
IMG01167.JPG,36,804,22.333,0.125,0,78,85,,81.5,,
IMG01168.JPG,64,3671,57.359,0.571,0,77,92,,84.5,,
IMG01169.JPG,78,3647,46.756,0.576,0,72,76,,74,,
IMG01170.JPG,103,3984,38.68,0.628,0,92,99,,95.5,messy,
IMG01171.JPG,90,2867,31.856,0.443,0,87,100,,93.5,,
IMG01172.JPG,92,3086,33.543,0.48,0,128,135,,131.5,,
IMG01173.JPG,123,4261,34.642,0.661,0,161,177,,169,,
IMG01174.JPG,83,2540,30.602,0.397,0,143,150,,146.5,,
IMG01175.JPG,89,2353,26.438,0.367,0,134,148,,141,,
IMG01176.JPG,67,2846,42.478,0.434,0,159,162,,160.5,super undigested,guessing
IMG01177.JPG,93,4644,49.935,0.728,0,124,126,,125,,
IMG01178.JPG,76,3257,42.855,0.516,0,92,96,,94,,
IMG01179.JPG,85,3586,42.188,0.554,0,108,119,,113.5,partially undigested,
IMG01180.JPG,59,3070,52.034,0.474,0,75,84,,79.5,,
IMG01181.JPG,74,1863,25.176,0.291,0,96,97,,96.5,,
IMG01182.JPG,47,1375,29.255,0.217,0,49,51,,50,,
IMG01183.JPG,66,1841,27.894,0.287,0,59,62,,60.5,,
IMG01184.JPG,38,1465,38.553,0.225,0,62,69,,65.5,,
IMG01185.JPG,66,2782,42.152,0.429,0,87,95,,91,,
IMG01186.JPG,170,6109,35.935,0.943,0,229,233,,231,,
IMG01187.JPG,196,11727,59.832,1.815,0,291,302,,296.5,partially undigested,
IMG01188.JPG,9,210,23.333,0.033,0,33,40,,36.5,,
IMG01189.JPG,33,934,28.303,0.148,0,39,39,,39,,
IMG01190.JPG,24,592,24.667,0.093,0,32,33,,32.5,,
IMG01191.JPG,7,126,18,0.02,0,40,41,,40.5,,
IMG01192.JPG,16,408,25.5,0.063,0,29,29,,29,,
IMG01193.JPG,25,1184,47.36,0.184,0,30,32,,31,,
IMG01194.JPG,92,3366,36.587,0.523,0,107,113,,110,,
IMG01195.JPG,88,2958,33.614,0.46,0,106,110,,108,,
IMG01196.JPG,91,3096,34.022,0.477,0,103,114,107,108.5,,
IMG01197.JPG,93,3792,40.774,0.587,0,110,112,,111,,
IMG01198.JPG,20,676,33.8,0.104,0,26,31,,28.5,,
IMG01199.JPG,40,1879,46.975,0.291,0,83,90,,86.5,partially undigested,
IMG01200.JPG,38,1231,32.395,0.19,0,50,57,,53.5,,
IMG01201.JPG,24,866,36.083,0.136,0,29,32,,30.5,,
IMG01202.JPG,108,3331,30.843,0.515,0,173,189,,181,partially undigested,
IMG01203.JPG,161,5449,33.845,0.845,0,198,200,,199,partially undigested,
IMG01204.JPG,109,4314,39.578,0.661,0,114,137,41,125.5,partially undigested,
IMG01205.JPG,137,6637,48.445,1.05,0,235,260,,247.5,partially undigested,
IMG01206.JPG,55,2635,47.909,0.41,0,51,57,,54,,
IMG01207.JPG,78,3539,45.372,0.55,0,97,105,,101,partially undigestedd,
IMG01208.JPG,93,3464,37.247,0.545,0,120,125,,122.5,,
IMG01209.JPG,62,4745,76.532,0.736,0,86,93,,89.5,,
IMG01210.JPG,35,923,26.371,0.142,0,61,68,,64.5,,
IMG01211.JPG,43,1194,27.767,0.188,0,62,64,,63,,
IMG01212.JPG,30,1013,33.767,0.159,0,50,58,,54,,
IMG01213.JPG,42,1058,25.19,0.165,0,70,76,,73,,
IMG01214.JPG,31,869,28.032,0.135,0,49,54,,51.5,,
IMG01215.JPG,32,820,25.625,0.13,0,58,66,,62,,
IMG01216.JPG,32,1014,31.688,0.16,0,59,70,,64.5,,
IMG01217.JPG,27,663,24.556,0.104,0,45,46,,45.5,,
IMG01218.JPG,27,852,31.556,0.134,0,50,52,,51,,
IMG01219.JPG,44,3074,69.864,0.48,0,50,54,,52,,
IMG01220.JPG,35,1073,30.657,0.17,0,53,57,,55,,
IMG01221.JPG,31,961,31,0.151,0,54,59,,56.5,,
IMG01222.JPG,58,2184,37.655,0.34,0,99,105,114,102,,
IMG01223.JPG,85,3068,36.094,0.481,0,160,175,175,167.5,197,
IMG01224.JPG,99,4054,40.949,0.632,0,155,167,176,161,,
IMG01225.JPG,66,1782,27,0.278,0,98,102,,100,,
IMG01226.JPG,69,2055,29.783,0.325,0,113,116,,114.5,,
IMG01227.JPG,77,2359,30.636,0.369,0,117,117,,117,,
IMG01228.JPG,17,410,24.118,0.064,0,48,61,,54.5,a little outta focus,
IMG01229.JPG,58,1707,29.431,0.268,0,83,88,,85.5,,
IMG01230.JPG,33,840,25.455,0.133,0,55,63,,59,,
IMG01231.JPG,35,796,22.743,0.124,0,72,74,,73,,
IMG01232.JPG,64,2108,32.938,0.33,0,92,93,,92.5,,
IMG01233.JPG,55,1507,27.4,0.238,0,71,76,,73.5,,
IMG01234.JPG,57,1985,34.825,0.316,0,83,86,,84.5,,
IMG01235.JPG,58,1678,28.931,0.265,0,96,102,,99,,
IMG01236.JPG,41,1174,28.634,0.185,0,64,65,,64.5,,
IMG01237.JPG,59,1714,29.051,0.269,0,79,83,,81,,
IMG01238.JPG,44,1579,35.886,0.247,0,73,76,,74.5,,
IMG01239.JPG,42,1320,31.429,0.207,0,64,65,,64.5,,
IMG01240.JPG,36,896,24.889,0.141,0,38,46,,42,,
IMG01241.JPG,17,651,38.294,0.102,0,21,26,,23.5,,
IMG01242.JPG,44,1197,27.205,0.188,0,17,32,,24.5,,
IMG01243.JPG,32,791,24.719,0.125,0,26,35,48,30.5,31,
IMG01244.JPG,75,2442,32.56,0.382,0,89,100,,94.5,,
IMG01245.JPG,99,4505,45.505,0.707,0,112,124,,118,,
IMG01246.JPG,87,2572,29.563,0.405,0,105,118,,111.5,dirty,
IMG01247.JPG,117,3609,30.846,0.572,0,142,146,,144,,
IMG01248.JPG,85,3107,36.553,0.492,0,140,146,,143,,
IMG01249.JPG,118,4933,41.805,0.772,0,150,166,,158,,
IMG01250.JPG,123,4251,34.561,0.668,0,189,191,,190,,
IMG01251.JPG,92,2993,32.533,0.469,0,190,204,,197,,
IMG01252.JPG,136,4586,33.721,0.719,0,183,185,,184,,
IMG01253.JPG,31,892,28.774,0.14,0,31,38,,34.5,,
IMG01254.JPG,47,1467,31.213,0.232,0,23,27,,25,messy,
IMG01255.JPG,48,1306,27.208,0.207,0,50,52,,51,messy,
IMG01256.JPG,48,1183,24.646,0.185,0,55,62,,58.5,,
IMG01257.JPG,151,4780,31.656,0.746,0,235,253,,244,messy,
IMG01258.JPG,223,8629,38.695,1.355,0,237,238,,237.5,messy!,
IMG01259.JPG,165,5245,31.788,0.823,0,182,191,,186.5,messy,
IMG01260.JPG,174,4985,28.649,0.788,0,206,217,,211.5,messy,
IMG01261.JPG,219,10778,49.215,1.693,0,212,219,,215.5,messy,
IMG01262.JPG,220,9332,42.418,1.462,0,186,188,,187,messy,
IMG01263.JPG,210,7971,37.957,1.261,0,202,204,180,203,messy,
IMG01264.JPG,111,6002,54.072,0.949,0,134,134,,134,,
IMG01265.JPG,142,7095,49.965,1.12,0,216,231,,223.5,super undigested,
IMG01266.JPG,162,7136,44.049,1.111,0,210,219,,214.5,undigested,
IMG01267.JPG,171,7108,41.567,1.115,0,221,243,,232,,
IMG01268.JPG,87,3991,45.874,0.625,0,101,122,117,111.5,,