"","Tray","Sample","ID","Dye","Vol_ml","well","1","2","3","n","meanOD","m","b","r","Tray","Protein","well","Protein_b","rsq_b","Protein_mgml"
"F",1,1,"s4b_lobo_2","OLD_660",5,"1.1",0.2606,0.2803,0.288,1,0.2763,0.0252,0.065,0.93,"1",8.38492063492063,"1.1",7.00657894736842,0.945,7.69574979114453
"G",1,2,"s4b_pcyl_4","OLD_660",5,"1.2",0.1165,0.1131,0.118,2,0.115866666666667,0.0252,0.065,0.93,"1",2.01851851851852,"1.2",1.66995614035088,0.945,1.8442373294347
"H",1,3,"s4a_pcyl_1","OLD_660",4,"1.3",0.1101,0.1081,0.1119,3,0.110033333333333,0.0252,0.065,0.93,"1",1.78703703703704,"1.3",1.55043859649123,0.945,1.66873781676413
"A1",1,4,"s4b_lobo_1","OLD_660",5,"1.4",0.3224,0.333,0.3102,4,0.321866666666667,0.0252,0.065,0.93,"1",10.1931216931217,"1.4",8.5625,0.945,9.37781084656085
"B1",1,5,"s4b_card_1","OLD_660",5,"1.5",0.1401,0.1477,0.1408,5,0.142866666666667,0.0252,0.065,0.93,"1",3.08994708994709,"1.5",2.91447368421053,0.945,3.00221038707881
"C1",1,6,"s4a_card_3","OLD_660",5,"1.6",0.1071,0.1113,0.1117,6,0.110033333333333,0.0252,0.065,0.93,"1",1.78703703703704,"1.6",1.73793859649123,0.945,1.76248781676413
"D1",1,7,"s4a_pcyl_2","OLD_660",5,"1.7",0.1001,0.1029,0.0935,7,0.0988333333333333,0.0252,0.065,0.93,"1",1.34259259259259,"1.7",1.13815789473684,0.945,1.24037524366472
"E1",1,8,"s4a_anac_1","OLD_660",5,"1.8",0.0778,0.0807,0.0735,8,0.0773333333333333,0.0252,0.065,0.93,"1",0.489417989417989,"1.8",0.479166666666667,0.945,0.484292328042328
"F41",2,1,"s4a_pdam_3","OLD_660",5,"2.1",0.1674,0.1688,0.1738,1,0.17,0.0316,0.067,0.907,"2",3.25949367088608,"2.1",NA,NA,3.25949367088608
"G41",2,2,"s4a_brug_2","OLD_660",5,"2.2",0.0941,0.1013,0.0942,2,0.0965333333333333,0.0316,0.067,0.907,"2",0.934599156118143,"2.2",NA,NA,0.934599156118143
"H41",2,3,"s4a_goni_1","OLD_660",5,"2.3",0.1981,0.1905,0.1998,3,0.196133333333333,0.0316,0.067,0.907,"2",4.08649789029536,"2.3",NA,NA,4.08649789029536
"A114",2,4,"s4b_pcyl_1","OLD_660",5,"2.4",0.1276,0.1352,0.1322,4,0.131666666666667,0.0316,0.067,0.907,"2",2.0464135021097,"2.4",NA,NA,2.0464135021097
"B114",2,5,"s4b_pcyl_2","OLD_660",5,"2.5",0.0996,0.0941,0.0916,5,0.0951,0.0316,0.067,0.907,"2",0.889240506329114,"2.5",NA,NA,0.889240506329114
"C114",2,6,"s4b_goni_1","OLD_660",5,"2.6",0.2471,0.2459,0.2439,6,0.245633333333333,0.0316,0.067,0.907,"2",5.65295358649789,"2.6",NA,NA,5.65295358649789
"D114",2,7,"s4b_pcyl_3","OLD_660",5,"2.7",0.1285,0.1298,0.1322,7,0.130166666666667,0.0316,0.067,0.907,"2",1.99894514767932,"2.7",NA,NA,1.99894514767932
"F42",3,1,"s2_brug_2","OLD_660",5,"3.1",0.1103,0.1172,0.1027,1,0.110066666666667,0.0265,0.06,0.983,"3",1.88930817610063,"3.1",NA,NA,1.88930817610063
"G42",3,2,"s2_card_1","OLD_660",5,"3.2",0.2755,0.2924,0.2851,2,0.284333333333333,0.0265,0.06,0.983,"3",8.46540880503145,"3.2",NA,NA,8.46540880503145
"H42",3,3,"s2_pver_2","OLD_660",5,"3.3",0.3111,0.3496,0.3288,3,0.329833333333333,0.0265,0.06,0.983,"3",10.1823899371069,"3.3",NA,NA,10.1823899371069
"A115",3,4,"s2_ten_1","OLD_660",5,"3.4",0.2157,0.1997,0.1824,4,0.199266666666667,0.0265,0.06,0.983,"3",5.25534591194969,"3.4",NA,NA,5.25534591194969
"B115",3,5,"s2_stag_4","OLD_660",5,"3.5",0.2109,0.2101,0.2137,5,0.211566666666667,0.0265,0.06,0.983,"3",5.71949685534591,"3.5",NA,NA,5.71949685534591
"C115",3,6,"s2_ten_3","OLD_660",5,"3.6",0.3296,0.3205,0.341,6,0.330366666666667,0.0265,0.06,0.983,"3",10.2025157232704,"3.6",NA,NA,10.2025157232704
"D115",3,7,"s2_stag_1","OLD_660",5,"3.7",0.1481,0.1526,0.1528,7,0.151166666666667,0.0265,0.06,0.983,"3",3.44025157232704,"3.7",NA,NA,3.44025157232704
"F43",4,1,"s4b_prus_3","OLD_660",5,"4.1",0.1161,0.1173,0.1225,1,0.118633333333333,0.0221,0.063,0.953,"4",2.51734539969834,"4.1",2.4241134751773,0.969,2.47072943743782
"G43",4,2,"s5_prus_1","OLD_660",5,"4.2",0.137,0.1558,0.1842,2,0.159,0.0221,0.063,0.953,"4",4.34389140271493,"4.2",4.11063829787234,0.969,4.22726485029364
"H43",4,3,"s7_prus_1","OLD_660",5,"4.3",0.1054,0.1031,0.1053,3,0.1046,0.0221,0.063,0.953,"4",1.88235294117647,"4.3",1.89078014184397,0.969,1.88656654151022
"A116",4,4,"s4a_pdam_1","OLD_660",5,"4.4",0.2164,0.1681,0.1875,4,0.190666666666667,0.0221,0.063,0.953,"4",5.77677224736048,"4.4",5.65248226950355,0.969,5.71462725843201
"B116",4,5,"s3_hya_2","OLD_660",5,"4.5",0.1129,0.0967,0.117,5,0.108866666666667,0.0221,0.063,0.953,"4",2.07541478129713,"4.5",1.92482269503546,0.969,2.0001187381663
"C116",4,6,"s1_prus_5","OLD_660",5,"4.6",0.2075,0.1879,0.2217,6,0.2057,0.0221,0.063,0.953,"4",6.45701357466063,"4.6",6.31914893617021,0.969,6.38808125541542
"D116",4,7,"s4b_goni_2","OLD_660",5,"4.7",0.0966,0.3101,0.4833,7,0.296666666666667,0.0221,0.063,0.953,"4",10.5731523378582,"4.7",10.2539007092199,0.969,10.413526523539
"E116",4,8,"s4a_prus_3","OLD_660",5,"4.8",0.2127,0.1837,0.205,8,0.200466666666667,0.0221,0.063,0.953,"4",6.22021116138763,"4.8",6,0.969,6.11010558069382
"F117",4,9,"s4a_card_1","OLD_660",5,"4.9",0.1347,0.1319,0.2424,9,0.169666666666667,0.0221,0.063,0.953,"4",4.82654600301659,"4.9",4.45957446808511,0.969,4.64306023555085
"G117",4,10,"s1_prus_3","OLD_660",5,"4.10",0.1279,0.1164,0.1408,10,0.128366666666667,0.0221,0.063,0.953,"4",2.95776772247361,"4.10",2.88936170212766,0.969,2.92356471230063
"H117",4,11,"s7_prus_1","OLD_660",5,"4.11",0.1255,0.1284,0.1288,11,0.127566666666667,0.0221,0.063,0.953,"4",2.92156862745098,"4.11",2.84113475177305,0.969,2.88135168961202
"F45",5,1,"s5_prus_4","OLD_660",5,"5.1",0.1606,0.1293,0.1245,1,0.138133333333333,0.0418,0.049,0.976,"5",2.13237639553429,"5.1",2.10606060606061,0.977,2.11921850079745
"G45",5,2,"s1_prus_1","OLD_660",5,"5.2",0.2078,0.1917,0.1979,2,0.199133333333333,0.0418,0.049,0.976,"5",3.59170653907496,"5.2",3.52954545454545,0.977,3.56062599681021
"H45",5,3,"s1_prus_2","OLD_660",5,"5.3",0.2172,0.2066,0.2169,3,0.213566666666667,0.0418,0.049,0.976,"5",3.93700159489633,"5.3",3.74318181818182,0.977,3.84009170653908
"A118",5,4,"s5_prus_3","OLD_660",5,"5.4",0.1463,0.1533,0.15,4,0.149866666666667,0.0418,0.049,0.976,"5",2.41307814992026,"5.4",2.35530303030303,0.977,2.38419059011164
"B118",5,5,"s3_prus_1","OLD_660",5,"5.5",0.1512,0.1487,0.1547,5,0.151533333333333,0.0418,0.049,0.976,"5",2.45295055821372,"5.5",2.37651515151515,0.977,2.41473285486443
"C118",5,6,"s4b_prus_1","OLD_660",5,"5.6",0.1701,0.1748,0.1708,6,0.1719,0.0418,0.049,0.976,"5",2.94019138755981,"5.6",2.86136363636364,0.977,2.90077751196172
"D118",5,7,"s3_prus_3","OLD_660",5,"5.7",0.2079,0.1746,0.1708,7,0.184433333333333,0.0418,0.049,0.976,"5",3.24003189792664,"5.7",3.15378787878788,0.977,3.19690988835726
"E118",5,8,"s4b_prus_4","OLD_660",5,"5.8",0.0984,0.1018,0.099,8,0.0997333333333333,0.0418,0.049,0.976,"5",1.21371610845295,"5.8",1.20227272727273,0.977,1.20799441786284
"F119",5,9,"s4a_pcyl_3","OLD_660",5,"5.9",0.1551,0.1694,0.1513,9,0.1586,0.0418,0.049,0.976,"5",2.62200956937799,"5.9",2.4780303030303,0.977,2.55001993620415
"G119",5,10,"s4a_pdam_4","OLD_660",5,"5.10",0.1318,0.1409,0.1377,10,0.1368,0.0418,0.049,0.976,"5",2.10047846889952,"5.10",2.07424242424242,0.977,2.08736044657097
"H119",5,11,"s4a_brug_3","OLD_660",5,"5.11",0.1028,0.0992,0.0975,11,0.0998333333333333,0.0418,0.049,0.976,"5",1.21610845295056,"5.11",1.16287878787879,0.977,1.18949362041467
"A218",5,12,"s4b_card_2","OLD_660",5,"5.12",0.0898,0.0882,0.0945,12,0.0908333333333333,0.0418,0.049,0.976,"5",1.00079744816587,"5.12",1.01287878787879,0.977,1.00683811802233
"B218",5,13,"s4a_anac_2","OLD_660",5,"5.13",0.0966,0.0935,0.0888,13,0.0929666666666667,0.0418,0.049,0.976,"5",1.0518341307815,"5.13",1.01666666666667,0.977,1.03425039872408
"C218",5,14,"s4a_card_2","OLD_660",5,"5.14",0.1519,0.1632,0.1672,14,0.160766666666667,0.0418,0.049,0.976,"5",2.67384370015949,"5.14",2.60984848484848,0.977,2.64184609250399
"D218",5,15,"s4a_pdam_2","OLD_660",5,"5.15",0.2188,0.2441,0.2028,15,0.2219,0.0418,0.049,0.976,"5",4.13636363636364,"5.15",4.00227272727273,0.977,4.06931818181818
"E218",5,16,"s4a_brug_1","OLD_660",5,"5.16",0.079,0.0783,0.1431,16,0.100133333333333,0.0418,0.049,0.976,"5",1.22328548644338,"5.16",1.21590909090909,0.977,1.21959728867624
"F218",5,17,"s3_stag_1","OLD_660",5,"5.17",0.1031,0.1096,0.1105,17,0.107733333333333,0.0418,0.049,0.976,"5",1.40510366826156,"5.17",1.37727272727273,0.977,1.39118819776715
"G218",5,18,"s2_hya_3","OLD_660",5,"5.18",0.2868,0.3514,0.4938,18,0.377333333333333,0.0418,0.049,0.976,"5",7.8548644338118,"5.18",9.19621212121212,0.977,8.52553827751196
"H218",5,19,"s2_stag_3","OLD_660",5,"5.19",0.1197,0.1326,0.2857,19,0.179333333333333,0.0418,0.049,0.976,"5",3.11802232854865,"5.19",3.21212121212121,0.977,3.16507177033493
"A318",5,20,"s2_prus_1","OLD_660",4,"5.20",0.2932,0.6266,0.4014,20,0.4404,0.0418,0.049,0.976,"5",9.36363636363637,"5.20",9.20530303030303,0.977,9.2844696969697
"B318",5,21,"s3_ten_4","OLD_660",5,"5.21",0.0817,0.0935,0.085,21,0.0867333333333333,0.0418,0.049,0.976,"5",0.902711323763955,"5.21",0.843181818181818,0.977,0.872946570972887
"C318",5,22,"s3_card_4","OLD_660",5,"5.22",0.1514,0.1598,0.2498,22,0.187,0.0418,0.049,0.976,"5",3.30143540669857,"5.22",3.19242424242424,0.977,3.2469298245614
"D318",5,23,"s3_pcyl_1","OLD_660",5,"5.23",0.1804,0.219,0.2394,23,0.212933333333333,0.0418,0.049,0.976,"5",3.92185007974482,"5.23",3.71439393939394,0.977,3.81812200956938
"E318",5,24,"s3_brug_1","OLD_660",5,"5.24",0.0983,0.1048,0.1021,24,0.101733333333333,0.0418,0.049,0.976,"5",1.2615629984051,"5.24",1.23409090909091,0.977,1.24782695374801
"F318",5,25,"s3_ten_2","OLD_660",5,"5.25",0.1242,0.133,0.1661,25,0.1411,0.0418,0.049,0.976,"5",2.20334928229665,"5.25",2.18030303030303,0.977,2.19182615629984
"G318",5,26,"s3_card_3","OLD_660",5,"5.26",0.3031,0.3587,0.3552,26,0.339,0.0418,0.049,0.976,"5",6.9377990430622,"5.26",6.6969696969697,0.977,6.81738437001595
"H318",5,27,"s3_stag_3","OLD_660",5,"5.27",0.1449,0.1516,0.1461,27,0.147533333333333,0.0418,0.049,0.976,"5",2.35725677830941,"5.27",2.38939393939394,0.977,2.37332535885167
"F47",6,1,"s3_brug_4","OLD_660",5,"6.1",0.1584,0.1786,0.1524,1,0.163133333333333,0.043,0.05,0.988,"6",2.63100775193799,"6.1",2.66666666666667,0.986,2.64883720930233
"G47",6,2,"s3_brug_2","OLD_660",5,"6.2",0.0975,0.1023,0.0984,2,0.0994,0.043,0.05,0.988,"6",1.14883720930233,"6.2",1.16780045351474,0.986,1.15831883140853
"H47",6,3,"s3_card_1","OLD_660",5,"6.3",0.1373,0.1288,0.1138,3,0.126633333333333,0.043,0.05,0.988,"6",1.78217054263566,"6.3",1.81557067271353,0.986,1.79887060767459
"A120",6,4,"s3_brug_3","OLD_660",4,"6.4",0.1039,0.0986,0.1034,4,0.101966666666667,0.043,0.05,0.988,"6",1.20852713178295,"6.4",1.23809523809524,0.986,1.22331118493909
"B120",6,5,"s3_ten_1","OLD_660",5,"6.5",0.1427,0.1399,0.1382,5,0.140266666666667,0.043,0.05,0.988,"6",2.09922480620155,"6.5",2.08087679516251,0.986,2.09005080068203
"C120",6,6,"s3_stag_2","OLD_660",5,"6.6",0.1253,0.1416,0.1272,6,0.131366666666667,0.043,0.05,0.988,"6",1.8922480620155,"6.6",1.89266817838246,0.986,1.89245812019898
"D120",6,7,"s3_pdam_1","OLD_660",5,"6.7",0.213,0.2109,0.1831,7,0.202333333333333,0.043,0.05,0.988,"6",3.54263565891473,"6.7",3.57974300831444,0.986,3.56118933361458
"E120",6,8,"s3_pdam_2","OLD_660",5,"6.8",0.1733,0.1741,0.1654,8,0.170933333333333,0.043,0.05,0.988,"6",2.81240310077519,"6.8",2.7588813303099,0.986,2.78564221554255
"F121",6,9,"s3_pdam_3","OLD_660",5,"6.9",0.1908,0.1666,0.2038,9,0.187066666666667,0.043,0.05,0.988,"6",3.18759689922481,"6.9",3.15192743764172,0.986,3.16976216843327
"G121",6,10,"s3_ten_3","OLD_660",5,"6.10",0.127,0.1226,0.1275,10,0.1257,0.043,0.05,0.988,"6",1.76046511627907,"6.10",1.83068783068783,0.986,1.79557647348345
"H121",6,11,"s3_pcyl_4","OLD_660",5,"6.11",0.2462,0.2837,0.2596,11,0.263166666666667,0.043,0.05,0.988,"6",4.95736434108527,"6.11",5.01587301587302,0.986,4.98661867847914
"A220",6,12,"s3_pcyl_3","OLD_660",5,"6.12",0.2699,0.2294,0.2094,12,0.236233333333333,0.043,0.05,0.988,"6",4.33100775193798,"6.12",4.40589569160998,0.986,4.36845172177398
"B220",6,13,"s3_pcyl_2","OLD_660",5,"6.13",0.2406,0.254,0.2575,13,0.2507,0.043,0.05,0.988,"6",4.66744186046512,"6.13",4.71730914588057,0.986,4.69237550317285
"C220",6,14,"s3_card_2","OLD_660",5,"6.14",0.1092,0.1043,0.105,14,0.106166666666667,0.043,0.05,0.988,"6",1.3062015503876,"6.14",1.28193499622071,0.986,1.29406827330415
"D220",6,15,"s3_hya_3","OLD_660",5,"6.15",0.1173,0.1112,0.1239,15,0.117466666666667,0.043,0.05,0.988,"6",1.56899224806202,"6.15",1.61451247165533,0.986,1.59175235985867
"F49",7,1,"s2_prus_3","OLD_660",5,"7.1",0.1905,0.202,0.1995,1,0.197333333333333,0.0495,0.05,0.962,"7",2.97643097643098,"7.1",2.97309711286089,0.968,2.97476404464593
"G49",7,2,"s3_hya_1","OLD_660",5,"7.2",0.1734,0.1853,0.1772,2,0.178633333333333,0.0495,0.05,0.962,"7",2.5986531986532,"7.2",2.59580052493438,0.968,2.59722686179379
"H49",7,3,"s2_ten_2","OLD_660",5,"7.3",0.1158,0.122,0.1167,3,0.118166666666667,0.0495,0.05,0.962,"7",1.37710437710438,"7.3",1.40354330708661,0.968,1.3903238420955
"A122",7,4,"s2_pdam_1","OLD_660",5,"7.4",0.4593,0.4357,0.3983,4,0.4311,0.0495,0.05,0.962,"7",7.6989898989899,"7.4",7.72900262467192,0.968,7.71399626183091
"B122",7,5,"s2_pdam_3","OLD_660",5,"7.5",0.1596,0.1489,0.1677,5,0.158733333333333,0.0495,0.05,0.962,"7",2.196632996633,"7.5",2.23031496062992,0.968,2.21347397863146
"C122",7,6,"s2_prus_2","OLD_660",3,"7.6",0.3404,0.2604,0.3222,6,0.307666666666667,0.0495,0.05,0.962,"7",5.20538720538721,"7.6",5.27624671916011,0.968,5.24081696227366
"D122",7,7,"s2_pcyl_3","OLD_660",5,"7.7",0.1224,0.1233,0.1257,7,0.1238,0.0495,0.05,0.962,"7",1.49090909090909,"7.7",1.47309711286089,0.968,1.48200310188499
"E122",7,8,"s2_stag_2","OLD_660",5,"7.8",0.194,0.1861,0.1842,8,0.1881,0.0495,0.05,0.962,"7",2.78989898989899,"7.8",2.81364829396325,0.968,2.80177364193112
"F123",7,9,"s2_pdam_2","OLD_660",5,"7.9",0.2406,0.2441,0.2098,9,0.2315,0.0495,0.05,0.962,"7",3.66666666666667,"7.9",3.75984251968504,0.968,3.71325459317585
"G123",7,10,"s2_brug_1","OLD_660",5,"7.10",0.1911,0.2019,0.2386,10,0.210533333333333,0.0495,0.05,0.962,"7",3.24309764309764,"7.10",3.27165354330709,0.968,3.25737559320236
"H123",7,11,"s2_brug_3","OLD_660",5,"7.11",0.1427,0.1574,0.1647,11,0.154933333333333,0.0495,0.05,0.962,"7",2.11986531986532,"7.11",2.15551181102362,0.968,2.13768856544447
"A222",7,12,"s2_pver_1","OLD_660",5,"7.12",0.2209,0.234,0.1988,12,0.2179,0.0495,0.05,0.962,"7",3.39191919191919,"7.12",3.3996062992126,0.968,3.3957627455659
"B222",7,13,"s2_hya_4","OLD_660",5,"7.13",0.1993,0.2113,0.1996,13,0.2034,0.0495,0.05,0.962,"7",3.0989898989899,"7.13",3.08070866141732,0.968,3.08984928020361
"C222",7,14,"s2_hya_2","OLD_660",5,"7.14",0.2212,0.2415,0.2247,14,0.229133333333333,0.0495,0.05,0.962,"7",3.61885521885522,"7.14",3.58661417322835,0.968,3.60273469604178
"D222",7,15,"s2_hya_1","OLD_660",5,"7.15",0.1341,0.1199,0.1209,15,0.124966666666667,0.0495,0.05,0.962,"7",1.51447811447811,"7.15",1.53937007874016,0.968,1.52692409660914
"F51",8,1,"s1_goni_3","OLD_660",5,"8.1",0.5815,0.7308,0.5334,1,0.615233333333333,0.0454,0.05,0.979,"8",12.4500734214391,"8.1",11.8891257995736,0.983,12.1695996105063
"G51",8,2,"s1_goni_1","OLD_660",2.5,"8.2",0.4357,0.7995,0.3105,2,0.515233333333333,0.0454,0.05,0.979,"8",10.2474302496329,"8.2",10.1051883439943,0.983,10.1763092968136
"H51",8,3,"s6_goni_1","OLD_660",5,"8.3",0.2381,0.2252,0.2091,3,0.224133333333333,0.0454,0.05,0.979,"8",3.83553597650514,"8.3",3.66169154228856,0.983,3.74861375939685
"A124",8,4,"s4a_goni_2","OLD_660",4,"8.4",0.4327,0.3642,0.3721,4,0.389666666666667,0.0454,0.05,0.979,"8",7.48164464023495,"8.4",7.38308457711443,0.983,7.43236460867469
"B124",8,5,"s1_goni_2","OLD_660",5,"8.5",0.3449,0.7596,0.5503,5,0.5516,0.0454,0.05,0.979,"8",11.0484581497797,"8.5",10.319829424307,0.983,10.6841437870434
"C124",8,6,"s6_hya_3","OLD_660",5,"8.6",0.1552,0.154,0.1426,6,0.1506,0.0454,0.05,0.979,"8",2.215859030837,"8.6",2.13574982231699,0.983,2.175804426577
"D124",8,7,"s1b_pdam_1","OLD_660",5,"8.7",0.1836,0.1641,0.1594,7,0.169033333333333,0.0454,0.05,0.979,"8",2.62187958883994,"8.7",2.5273631840796,0.983,2.57462138645977
"E124",8,8,"s1b_brug_1","OLD_660",5,"8.8",0.1076,0.0961,0.1034,8,0.102366666666667,0.0454,0.05,0.979,"8",1.15345080763583,"8.8",1.08315565031983,0.983,1.11830322897783
"F125",8,9,"s6_goni_2","OLD_660",5,"8.9",0.2728,0.2453,0.2695,9,0.262533333333333,0.0454,0.05,0.979,"8",4.68135095447871,"8.9",4.48329779673063,0.983,4.58232437560467
"G125",8,10,"s6_hum_2","OLD_660",5,"8.10",0.2193,0.2124,0.2016,10,0.2111,0.0454,0.05,0.979,"8",3.54845814977974,"8.10",3.39374555792466,0.983,3.4711018538522
"H125",8,11,"s6_hya_2","OLD_660",5,"8.11",0.1757,0.1585,0.16,11,0.164733333333333,0.0454,0.05,0.979,"8",2.52716593245228,"8.11",2.45131485429993,0.983,2.4892403933761
"A224",8,12,"s6_hum_1","OLD_660",5,"8.12",0.1609,0.1687,0.206,12,0.178533333333333,0.0454,0.05,0.979,"8",2.83113069016153,"8.12",2.65245202558635,0.983,2.74179135787394
"B224",8,13,"s6_pdam_2","OLD_660",5,"8.13",0.233,0.2192,0.2221,13,0.224766666666667,0.0454,0.05,0.979,"8",3.84948604992658,"8.13",3.74626865671642,0.983,3.7978773533215
"C224",8,14,"s6_hya_4","OLD_660",5,"8.14",0.137,0.1382,0.1389,14,0.138033333333333,0.0454,0.05,0.979,"8",1.93906020558003,"8.14",1.86709310589908,0.983,1.90307665573955
"D224",8,15,"s6_hya_1","OLD_660",5,"8.15",0.1581,0.1457,0.1497,15,0.151166666666667,0.0454,0.05,0.979,"8",2.22834067547724,"8.15",2.14285714285714,0.983,2.18559890916719
"E224",8,16,"s6_goni_3","OLD_660",5,"8.16",0.1826,0.1522,0.1477,16,0.160833333333333,0.0454,0.05,0.979,"8",2.44126284875184,"8.16",2.31698649609097,0.983,2.3791246724214
"F224",8,17,"s1b_lobo_1","OLD_660",5,"8.17",0.6119,0.5248,1.0757,17,0.737466666666667,0.0454,0.05,0.979,"8",15.1424375917768,"8.17",13.5429992892679,0.983,14.3427184405224
"G224",8,18,"s1b_lobo_3","OLD_660",5,"8.18",0.2906,0.2777,0.2258,18,0.2647,0.0454,0.05,0.979,"8",4.72907488986784,"8.18",4.56076759061834,0.983,4.64492124024309
"H224",8,19,"s1b_goni_2","OLD_660",5,"8.19",0.2568,0.299,0.3236,19,0.293133333333333,0.0454,0.05,0.979,"8",5.35535976505139,"8.19",5.06325515280739,0.983,5.20930745892939
"A324",8,20,"s1_poc_3","OLD_660",5,"8.20",0.1796,0.1786,0.1813,20,0.179833333333333,0.0454,0.05,0.979,"8",2.85976505139501,"8.20",2.79601990049751,0.983,2.82789247594626
"B324",8,21,"s1b_goni_1","OLD_660",5,"8.21",0.3816,0.174,0.1896,21,0.2484,0.0454,0.05,0.979,"8",4.37004405286344,"8.21",4.41933191186923,0.983,4.39468798236633
"C324",8,22,"s6_pdam_1","OLD_660",5,"8.22",0.353,0.3196,0.3245,22,0.332366666666667,0.0454,0.05,0.979,"8",6.21953010279001,"8.22",6.04193319118692,0.983,6.13073164698847
"D324",8,23,"s1b_lobo_4","OLD_660",5,"8.23",0.7464,0.6661,0.46,23,0.624166666666667,0.0454,0.05,0.979,"8",12.6468428781204,"8.23",12.4683724235963,0.983,12.5576076508584
"E324",8,24,"s1b_lobo_5","OLD_660",5,"8.24",0.4944,0.6948,0.5893,24,0.592833333333333,0.0454,0.05,0.979,"8",11.9566813509545,"8.24",11.3574982231699,0.983,11.6570897870622
"F324",8,25,"s1_brug_1","OLD_660",5,"8.25",0.1084,0.111,0.1117,25,0.110366666666667,0.0454,0.05,0.979,"8",1.32966226138032,"8.25",1.31058990760483,0.983,1.32012608449258
"G324",8,26,"s1_pcyl_5","OLD_660",5,"8.26",0.2479,0.231,0.2681,26,0.249,0.0454,0.05,0.979,"8",4.38325991189427,"8.26",4.25870646766169,0.983,4.32098318977798
"H324",8,27,"s1_pcyl_2","OLD_660",5,"8.27",0.1355,0.1306,0.1271,27,0.131066666666667,0.0454,0.05,0.979,"8",1.7856093979442,"8.27",1.76119402985075,0.983,1.77340171389747
"F53",9,1,"s1_anac_2","NEW_660",5,"9.1",0.1496,0.1484,0.1524,1,0.150133333333333,0.7077,0.081,0.999,"9",0.0976873439781452,"9.1",0.0940228042045252,0.999,0.0958550740913352
"G53",9,2,"s1_lobo_1","NEW_660",5,"9.2",0.4028,0.3418,0.4298,2,0.391466666666667,0.7077,0.081,0.999,"9",0.438698130092789,"9.2",0.439827186887582,0.999,0.439262658490186
"H53",9,3,"s1_anac_1","NEW_660",5,"9.3",0.2506,0.2855,0.2928,3,0.2763,0.7077,0.081,0.999,"9",0.275964391691395,"9.3",0.269151968644219,0.999,0.272558180167807
"A126",9,4,"s1_pcyl_3","NEW_660",5,"9.4",0.3948,0.3596,0.2877,4,0.347366666666667,0.7077,0.081,0.999,"9",0.376383590033442,"9.4",0.358542668804561,0.999,0.367463129419001
"B126",9,5,"s1_pcyl_4","NEW_660",5,"9.5",0.3464,0.3745,0.3871,5,0.369333333333333,0.7077,0.081,0.999,"9",0.407423107719844,"9.5",0.401300552289328,0.999,0.404361830004586
"C126",9,6,"s1_poc_2","NEW_660",5,"9.6",0.6128,0.613,0.5746,6,0.600133333333333,0.7077,0.081,0.999,"9",0.733549997644953,"9.6",0.729289150187066,0.999,0.731419573916009
"D126",9,7,"s1_acrop_3","NEW_660",5,"9.7",0.5141,0.5277,0.5072,7,0.516333333333333,0.7077,0.081,0.999,"9",0.615138241251001,"9.7",0.611927667913772,0.999,0.613532954582386
"E126",9,8,"s1_brug_3","NEW_660",5,"9.8",0.5152,0.5253,0.491,8,0.5105,0.7077,0.081,0.999,"9",0.606895577221987,"9.8",0.605603064314983,0.999,0.606249320768485
"F127",9,9,"s1_poc_1","NEW_660",5,"9.9",0.6911,0.6289,0.6052,9,0.641733333333333,0.7077,0.081,0.999,"9",0.792331967406152,"9.9",0.801754854801354,0.999,0.797043411103753
"G127",9,10,"s1_pcyl_1","NEW_660",5,"9.10",0.3104,0.3287,0.281,10,0.3067,0.7077,0.081,0.999,"9",0.318920446516886,"9.10",0.310395510422234,0.999,0.31465797846956
"H127",9,11,"s1_brug_2","NEW_660",5,"9.11",0.2389,0.2476,0.2396,11,0.242033333333333,0.7077,0.081,0.999,"9",0.2275446281381,"9.11",0.22367717797969,0.999,0.225610903058895
"A226",9,12,"s1_stag_1","NEW_660",5,"9.12",0.4708,0.4779,0.4898,12,0.4795,0.7077,0.081,0.999,"9",0.56309170552494,"9.12",0.571886691608765,0.999,0.567489198566853
"B226",9,13,"s5_stag_1","NEW_660",5,"9.13",0.4586,0.4501,0.4399,13,0.449533333333333,0.7077,0.081,0.999,"9",0.520747962884461,"9.13",0.527035453411723,0.999,0.523891708148092
"C226",9,14,"s5_pdam_3","NEW_660",5,"9.14",0.3852,0.3699,0.3758,14,0.376966666666667,0.7077,0.081,0.999,"9",0.418209222363525,"9.14",0.422902191341529,0.999,0.420555706852527
"D226",9,15,"s7_pver_1","NEW_660",5,"9.15",0.5232,0.525,0.4972,15,0.515133333333333,0.7077,0.081,0.999,"9",0.613442607507889,"9.15",0.619989310529129,0.999,0.616715959018509
"E226",9,16,"s7_pver_2","NEW_660",5,"9.16",0.3868,0.4018,0.3915,16,0.393366666666667,0.7077,0.081,0.999,"9",0.441382883519382,"9.16",0.452699091394976,0.999,0.447040987457179
"F226",9,17,"s5_pdam_1","NEW_660",5,"9.17",0.4037,0.4131,0.4041,17,0.406966666666667,0.7077,0.081,0.999,"9",0.460600065941312,"9.17",0.455104222340994,0.999,0.457852144141153
"G226",9,18,"s5_card_2","NEW_660",5,"9.18",0.3996,0.4244,0.4167,18,0.413566666666667,0.7077,0.081,0.999,"9",0.469926051528425,"9.18",0.476527703545341,0.999,0.473226877536883
"H226",9,19,"s7_styl_2","NEW_660",5,"9.19",0.558,0.5724,0.5375,19,0.555966666666667,0.7077,0.081,0.999,"9",0.671141255710989,"9.19",0.700338499910921,0.999,0.685739877810955
"A326",9,20,"s7_styl_1","NEW_660",5,"9.20",0.4692,0.4504,0.4453,20,0.454966666666667,0.7077,0.081,0.999,"9",0.528425415665772,"9.20",0.543069659718511,0.999,0.535747537692141
"B326",9,21,"s5_card_3","NEW_660",5,"9.21",0.3993,0.3986,0.3917,21,0.396533333333333,0.7077,0.081,0.999,"9",0.445857472563704,"9.21",0.461428825939783,0.999,0.453643149251743
"C326",9,22,"s5_pdam_2","NEW_660",5,"9.22",0.6594,0.6633,0.6505,22,0.657733333333333,0.7077,0.081,0.999,"9",0.814940417314305,"9.22",0.851282736504543,0.999,0.833111576909424
"D326",9,23,"s5_card_1","NEW_660",5,"9.23",0.4228,0.3792,0.3801,23,0.394033333333333,0.7077,0.081,0.999,"9",0.442324902265555,"9.23",0.449804026367361,0.999,0.446064464316458
"E326",9,24,"s5_pdam_4","NEW_660",5,"9.24",0.5475,0.5736,0.5927,24,0.571266666666667,0.7077,0.081,0.999,"9",0.69276058593566,"9.24",0.758328879387137,0.999,0.725544732661399
"F326",9,25,"s7_pnig_1","NEW_660",5,"9.25",0.1577,0.1552,0.1613,25,0.158066666666667,0.7077,0.081,0.999,"9",0.108897367057604,"9.25",0.110814181364689,0.999,0.109855774211147
"G326",9,26,"s7_pcyl_1","NEW_660",5,"9.26",0.2069,0.2028,0.2111,26,0.206933333333333,0.7077,0.081,0.999,"9",0.177947341152089,"9.26",0.176287190450739,0.999,0.177117265801414
"H326",9,27,"s7_pdam_3","NEW_660",5,"9.27",0.1706,0.1723,0.1717,27,0.171533333333333,0.7077,0.081,0.999,"9",0.1279261457303,"9.27",0.13539996436843,0.999,0.131663055049365
"F4",10,1,"s7_pdam_1","NEW_660",5,"10.1",0.1773,0.1783,0.1904,1,0.182,0.7903,0.076,1,"10",0.134126281159054,"10.1",0.13136268858089,1,0.132744484869972
"G4",10,2,"s7_pdam_2","NEW_660",5,"10.2",0.2463,0.243,0.3084,2,0.2659,0.7903,0.076,1,"10",0.240288498038719,"10.2",0.217016231244123,1,0.228652364641421
"H4",10,3,"s5_pcyl_5","NEW_660",5,"10.3",0.3965,0.3703,0.3915,3,0.3861,0.7903,0.076,1,"10",0.392382639503986,"10.3",0.381004947054254,1,0.38669379327912
"A11",10,4,"s5_pcyl_3","NEW_660",5,"10.4",0.6239,0.7295,0.4977,4,0.617033333333333,0.7903,0.076,1,"10",0.684592348897043,"10.4",0.677214931109203,1,0.680903640003123
"B11",10,5,"s5_pcyl_1","NEW_660",5,"10.5",0.3455,0.3326,0.3412,5,0.339766666666667,0.7903,0.076,1,"10",0.333755114091695,"10.5",0.331248211292367,1,0.332501662692031
"C11",10,6,"s7_pnig_2","NEW_660",5,"10.6",0.1861,0.1992,0.1906,6,0.191966666666667,0.7903,0.076,1,"10",0.146737525834071,"10.6",0.135492047916922,1,0.141114786875497
"D11",10,7,"s5_pcyl_4","NEW_660",5,"10.7",0.7689,0.8494,0.7907,7,0.803,0.7903,0.076,1,"10",0.919903833987094,"10.7",0.87616010466495,1,0.898031969326022
"E11",10,8,"s5_stag_3","NEW_660",5,"10.8",0.4168,0.3748,0.3904,8,0.394,0.7903,0.076,1,"10",0.402378843477161,"10.8",0.396622919988552,1,0.399500881732856
"F11",10,9,"s5_stag_2","NEW_660",5,"10.9",0.3654,0.3297,0.3312,9,0.3421,0.7903,0.076,1,"10",0.336707579400228,"10.9",0.335091377407089,1,0.335899478403659
"G11",10,10,"s1_acrop_2","NEW_660",5,"10.10",0.6352,0.6284,0.5575,10,0.607033333333333,0.7903,0.076,1,"10",0.671938926146189,"10.10",0.673085571773172,1,0.67251224895968
"H11",10,11,"s3_brug_4","NEW_660",5,"10.11",0.4135,0.4353,0.4707,11,0.439833333333333,0.7903,0.076,1,"10",0.460373697751909,"10.11",0.455660493070036,1,0.458017095410972
"A21",10,12,"s1_acrop_1","NEW_660",5,"10.12",0.5679,0.5554,0.5742,12,0.565833333333333,0.7903,0.076,1,"10",0.61980682441267,"10.12",0.616541968191668,1,0.618174396302169
"F6",12,1,"s3_brug_2","NEW_660",5,"12.1",0.2287,0.2427,0.2452,1,0.238866666666667,0.76,0.061,0.999,"12",0.234035087719298,"12.1",0.235007763649335,0.999,0.234521425684317
"G6",12,2,"s3_card_1","NEW_660",5,"12.2",0.3539,0.3637,0.3353,2,0.350966666666667,0.76,0.061,0.999,"12",0.381535087719298,"12.2",0.376851735280541,0.999,0.379193411499919
"H6",12,3,"s3_brug_3","NEW_660",4,"12.3",0.253,0.2606,0.2518,3,0.255133333333333,0.76,0.061,0.999,"12",0.255438596491228,"12.3",0.250493096646943,0.999,0.252965846569085
"A13",12,4,"s3_stag_2","NEW_660",5,"12.4",0.3176,0.3216,0.3202,4,0.3198,0.76,0.061,0.999,"12",0.340526315789474,"12.4",0.336732552771833,0.999,0.338629434280653
"B13",12,5,"s3_ten_1","NEW_660",5,"12.5",0.3292,0.3377,0.3599,5,0.342266666666667,0.76,0.061,0.999,"12",0.370087719298246,"12.5",0.361702127659574,0.999,0.36589492347891
"C13",12,6,"s3_pdam_1","NEW_660",5,"12.6",0.4558,0.5262,0.4724,6,0.4848,0.76,0.061,0.999,"12",0.557631578947368,"12.6",0.554996013261152,0.999,0.55631379610426
"D13",12,7,"s3_pdam_3","NEW_660",5,"12.7",0.4377,0.452,0.4264,7,0.4387,0.76,0.061,0.999,"12",0.496973684210526,"12.7",0.493432372319443,0.999,0.495203028264985
"E13",12,8,"s3_pdam_2","NEW_660",5,"12.8",0.4712,0.4689,0.4731,8,0.471066666666667,0.76,0.061,0.999,"12",0.539561403508772,"12.8",0.532838138402786,0.999,0.536199770955779
"F13",12,9,"s3_ten_3","NEW_660",5,"12.9",0.3018,0.2812,0.2932,9,0.292066666666667,0.76,0.061,0.999,"12",0.304035087719298,"12.9",0.303160015107642,0.999,0.30359755141347
"G13",12,10,"s1b_lobo_1","NEW_660",5,"12.10",0.5476,0.5426,0.5731,10,0.554433333333333,0.76,0.061,0.999,"12",0.649254385964912,"12.10",0.666540769650426,0.999,0.657897577807669
"H13",12,11,"s2_prus_2","NEW_660",3,"12.11",0.334,0.4228,0.4563,11,0.404366666666667,0.76,0.061,0.999,"12",0.451798245614035,"12.11",0.44370305090436,0.999,0.447750648259198
"A23",12,12,"s3_pcyl_4","NEW_660",5,"12.12",0.4811,0.5011,0.5227,12,0.501633333333333,0.76,0.061,0.999,"12",0.579780701754386,"12.12",0.576062780645432,0.999,0.577921741199909
"B23",12,13,"s6_pdam_2","NEW_660",5,"12.13",0.5476,0.5926,0.6096,13,0.583266666666667,0.76,0.061,0.999,"12",0.68719298245614,"12.13",0.679843887699862,0.999,0.683518435078001
"C23",12,14,"s2_prus_3","NEW_660",5,"12.14",0.286,0.2858,0.309,14,0.2936,0.76,0.061,0.999,"12",0.306052631578947,"12.14",0.296865164295606,0.999,0.301458897937277
"D23",12,15,"s3_pcyl_3","NEW_660",5,"12.15",0.4451,0.4064,0.4248,15,0.425433333333333,0.76,0.061,0.999,"12",0.479517543859649,"12.15",0.475680893029502,0.999,0.477599218444576
"E23",12,16,"s3_pcyl_2","NEW_660",5,"12.16",0.4283,0.4316,0.4152,16,0.425033333333333,0.76,0.061,0.999,"12",0.478991228070175,"12.16",0.469050316840824,0.999,0.4740207724555
"F23",12,17,"s2_goni_1","NEW_660",5,"12.17",0.5746,0.5582,0.5256,17,0.5528,0.76,0.061,0.999,"12",0.647105263157895,"12.17",0.633052163330396,0.999,0.640078713244145
"G23",12,18,"s3_card_2","NEW_660",5,"12.18",0.2132,0.2385,0.2211,18,0.224266666666667,0.76,0.061,0.999,"12",0.214824561403509,"12.18",0.212933820135129,0.999,0.213879190769319
"H23",12,19,"s3_hya_3","NEW_660",5,"12.19",0.2516,0.2307,0.2091,19,0.230466666666667,0.76,0.061,0.999,"12",0.222982456140351,"12.19",0.224558311301356,0.999,0.223770383720853
"A33",12,20,"s2_pcyl_3","NEW_660",5,"12.20",0.1991,0.1685,0.1643,20,0.1773,0.76,0.061,0.999,"12",0.153026315789474,"12.20",0.151915732930463,0.999,0.152471024359968
"B33",12,21,"s2_ten_2","NEW_660",5,"12.21",0.2984,0.2879,0.3156,21,0.300633333333333,0.76,0.061,0.999,"12",0.31530701754386,"12.21",0.305384195727895,0.999,0.310345606635877
"C33",12,22,"s2_pdam_1","NEW_660",5,"12.22",1.0399,0.9824,1.0618,22,1.02803333333333,0.76,0.061,0.999,"12",1.27241228070175,"12.22",1.25510932057577,0.999,1.26376080063876
"D33",12,23,"s2_pdam_3","NEW_660",5,"12.23",0.3747,0.3644,0.3561,23,0.365066666666667,0.76,0.061,0.999,"12",0.400087719298246,"12.23",0.395400562340006,0.999,0.397744140819126
"E33",12,24,"s2_stag_2","NEW_660",5,"12.24",0.5906,0.6124,0.5287,24,0.577233333333333,0.76,0.061,0.999,"12",0.679254385964912,"12.24",0.662595996474884,0.999,0.670925191219898
"F33",12,25,"s2_brug_1","NEW_660",5,"12.25",0.6376,0.734,0.7886,25,0.720066666666667,0.76,0.061,0.999,"12",0.86719298245614,"12.25",0.845902052121365,0.999,0.856547517288752
"G33",12,26,"s2_pdam_2","NEW_660",5,"12.26",0.5568,0.7012,0.6894,26,0.649133333333333,0.76,0.061,0.999,"12",0.773859649122807,"12.26",0.752360569054513,0.999,0.76311010908866
"H33",12,27,"s1b_lobo_3","NEW_660",5,"12.27",0.316,0.2654,0.2947,27,0.292033333333333,0.76,0.061,0.999,"12",0.303991228070175,"12.27",0.303118049435562,0.999,0.303554638752869
"F8",13,1,"s2_brug_3","NEW_660",5,"13.1",0.3863,0.3498,0.3237,1,0.353266666666667,0.7051,0.069,0.999,"13",0.403157944499598,"13.1",0.402816527168859,1,0.402987235834228
"G8",13,2,"s2_hya_4","NEW_660",5,"13.2",0.5803,0.5795,0.6526,2,0.604133333333333,0.7051,0.069,0.999,"13",0.758946721505224,"13.2",0.763163721712945,1,0.761055221609084
"H8",13,3,"s2_hya_2","NEW_660",5,"13.3",0.4819,0.5236,0.4845,3,0.496666666666667,0.7051,0.069,0.999,"13",0.606533352243181,"13.3",0.610734688454896,1,0.608634020349038
"A15",13,4,"s1b_lobo_5","NEW_660",5,"13.4",0.7655,0.6785,0.8132,4,0.7524,0.7051,0.069,0.999,"13",0.969224223514395,"13.4",1.0803330233382,1,1.0247786234263
"B15",13,5,"s1_poc_3","NEW_660",5,"13.5",0.3942,0.4087,0.3913,5,0.398066666666667,0.7051,0.069,0.999,"13",0.466695031437621,"13.5",0.469332624773039,1,0.46801382810533
"C15",13,6,"s1_goni_1","NEW_660",2.5,"13.6",1.4801,0.356,0.9605,6,0.9322,0.7051,0.069,0.999,"13",1.22422351439512,"13.6",1.20202825384173,1,1.21312588411842
"D15",13,7,"s6_goni_1","NEW_660",5,"13.7",0.2676,0.3005,0.2934,7,0.287166666666667,0.7051,0.069,0.999,"13",0.30941237649506,"13.7",0.301138124972322,1,0.305275250733691
"E15",13,8,"s6_goni_2","NEW_660",5,"13.8",0.3326,0.3238,0.3507,8,0.3357,0.7051,0.069,0.999,"13",0.378244220677918,"13.8",0.363181435720296,1,0.370712828199107
"F15",13,9,"s2_pver_1","NEW_660",5,"13.9",0.5998,0.6141,0.5971,9,0.603666666666667,0.7051,0.069,0.999,"13",0.758284876849619,"13.9",0.755236703423232,1,0.756760790136426
"G15",13,10,"s1_goni_3","NEW_660",5,"13.10",0.7412,0.7293,0.6963,10,0.722266666666667,0.7051,0.069,0.999,"13",0.926487968609654,"13.10",0.975023249634649,1,0.950755609122151
"H15",13,11,"s2_hya_1","NEW_660",5,"13.11",0.3529,0.3379,0.2994,11,0.330066666666667,0.7051,0.069,0.999,"13",0.370254810192408,"13.11",0.367919932686772,1,0.36908737143959
"A25",13,12,"s6_goni_3","NEW_660",5,"13.12",0.2235,0.2369,0.2295,12,0.229966666666667,0.7051,0.069,0.999,"13",0.228289131565263,"13.12",0.229174970107613,1,0.228732050836438
"B25",13,13,"s6_hya_2","NEW_660",5,"13.13",0.4552,0.4046,0.0802,13,0.313333333333333,0.7051,0.069,0.999,"13",0.346522951827164,"13.13",0.333643328461981,1,0.340083140144573
"C25",13,14,"s6_hya_4","NEW_660",5,"13.14",0.3025,0.3042,0.2758,14,0.294166666666667,0.7051,0.069,0.999,"13",0.319340046329126,"13.14",0.313095079934458,1,0.316217563131792
"D25",13,15,"s1_goni_2","NEW_660",5,"13.15",0.7959,0.6926,0.7865,15,0.758333333333333,0.7051,0.069,0.999,"13",0.977639105564223,"13.15",0.96519197555467,1,0.971415540559446
"E25",13,16,"s1b_brug_1","NEW_660",5,"13.16",0.2207,0.2134,0.2101,16,0.214733333333333,0.7051,0.069,0.999,"13",0.206684631021605,"13.16",0.199105442628759,1,0.202895036825182
"F25",13,17,"s6_hya_1","NEW_660",5,"13.17",0.3779,0.4123,0.3651,17,0.3851,0.7051,0.069,0.999,"13",0.44830520493547,"13.17",0.443293033966609,1,0.44579911945104
"G25",13,18,"s6_hum_2","NEW_660",5,"13.18",0.6947,0.7924,0.6652,18,0.717433333333333,0.7051,0.069,0.999,"13",0.919633148962322,"13.18",0.88472609716133,1,0.902179623061826
"H25",13,19,"s4a_goni_2","NEW_660",4,"13.19",0.4329,0.5355,0.3606,19,0.443,0.7051,0.069,0.999,"13",0.530421216848674,"13.19",0.501439263097294,1,0.515930239972984
"A35",13,20,"s6_hya_3","NEW_660",5,"13.20",0.3377,0.3366,0.3071,20,0.327133333333333,0.7051,0.069,0.999,"13",0.366094643785751,"13.20",0.354855852265179,1,0.360475248025465
"B35",13,21,"s1_pcyl_5","NEW_660",5,"13.21",0.4356,0.2714,0.277,21,0.328,0.7051,0.069,0.999,"13",0.367323783860445,"13.21",0.352464461272751,1,0.359894122566598
"C35",13,22,"s1b_goni_1","NEW_660",5,"13.22",0.3672,0.2572,0.5156,22,0.38,0.7051,0.069,0.999,"13",0.441072188342079,"13.22",0.419334839023958,1,0.430203513683019
"D35",13,23,"s1b_lobo_4","NEW_660",5,"13.23",0.6303,0.4944,0.7395,23,0.6214,0.7051,0.069,0.999,"13",0.783434973762587,"13.23",0.792746113989637,1,0.788090543876112
"E35",13,24,"s1_pcyl_2","NEW_660",5,"13.24",0.181,0.1792,0.1372,24,0.1658,0.7051,0.069,0.999,"13",0.137285491419657,"13.24",0.137416412027811,1,0.137350951723734
"F35",13,25,"s6_pdam_1","NEW_660",5,"13.25",0.7794,0.891,0.8268,25,0.8324,0.7051,0.069,0.999,"13",1.08268330733229,"13.25",1.06833178335769,1,1.07550754534499
"G35",13,26,"s1b_pdam_1","NEW_660",5,"13.26",0.3622,0.3823,0.3475,26,0.364,0.7051,0.069,0.999,"13",0.418380371578499,"13.26",0.402240821929941,1,0.41031059675422
"H35",13,27,"s6_hum_1","NEW_660",5,"13.27",0.4547,0.4583,0.395,27,0.436,0.7051,0.069,0.999,"13",0.520493547014608,"13.27",0.508524866037819,1,0.514509206526214
"F10",14,1,"s1_brug_1","NEW_660",5,"14.1",0.2451,0.243,0.2514,1,0.2465,0.6477,0.053,0.996,"14",0.298749421028254,"14.1",0.303131145061261,0.997,0.300940283044758
"G10",14,2,"s1b_goni_2","NEW_660",5,"14.2",0.2845,0.3421,0.3078,2,0.311466666666667,0.6477,0.053,0.996,"14",0.399053059544028,"14.2",0.401552967276761,0.997,0.400303013410394
"H10",14,3,"s5_prus_4","NEW_660",5,"14.3",0.2002,0.2132,0.2486,3,0.220666666666667,0.6477,0.053,0.996,"14",0.258864700735937,"14.3",0.267130540009076,0.997,0.262997620372507
"A17",14,4,"s1_prus_1","NEW_660",5,"14.4",0.2961,0.3646,0.384,4,0.348233333333333,0.6477,0.053,0.996,"14",0.455818022747157,"14.4",0.474159229566883,0.997,0.46498862615702
"B17",14,5,"s1_prus_2","NEW_660",5,"14.5",0.2896,0.2991,0.2409,5,0.276533333333333,0.6477,0.053,0.996,"14",0.345118624877773,"14.5",0.353400897494076,0.997,0.349259761185924
"C17",14,6,"s5_prus_3","NEW_660",5,"14.6",0.23,0.2442,0.2492,6,0.241133333333333,0.6477,0.053,0.996,"14",0.290463692038495,"14.6",0.287903998386527,0.997,0.289183845212511
"D17",14,7,"s3_prus_1","NEW_660",5,"14.7",0.2277,0.2309,0.2225,7,0.227033333333333,0.6477,0.053,0.996,"14",0.268694354382173,"14.7",0.280845056219432,0.997,0.274769705300803
"E17",14,8,"s4a_pdam_4","NEW_660",5,"14.8",0.3741,0.3681,0.335,8,0.359066666666667,0.6477,0.053,0.996,"14",0.472543873192321,"14.8",0.479705541269601,0.997,0.476124707230961
"F17",14,9,"s4a_pcyl_3","NEW_660",5,"14.9",0.2307,0.2001,0.2322,9,0.221,0.6477,0.053,0.996,"14",0.259379342288096,"14.9",0.265617909544698,0.997,0.262498625916397
"G17",14,10,"s4b_prus_4","NEW_660",5,"14.10",0.1501,0.1644,0.1536,10,0.156033333333333,0.6477,0.053,0.996,"14",0.159075703772323,"14.10",0.159784198053749,0.997,0.159429950913036
"H17",14,11,"s3_prus_3","NEW_660",5,"14.11",0.2613,0.2404,0.2643,11,0.255333333333333,0.6477,0.053,0.996,"14",0.312387422160465,"14.11",0.327081127413906,0.997,0.319734274787186
"A27",14,12,"s4b_prus_1","NEW_660",5,"14.12",0.2295,0.2519,0.2453,12,0.242233333333333,0.6477,0.053,0.996,"14",0.29216200916062,"14.12",0.302879039983865,0.997,0.297520524572242
"B27",14,13,"s4a_brug_3","NEW_660",5,"14.13",0.2702,0.2528,0.2514,13,0.258133333333333,0.6477,0.053,0.996,"14",0.3167104111986,"14.13",0.329148389048555,0.997,0.322929400123578
"C27",14,14,"s4b_card_2","NEW_660",5,"14.14",0.2428,0.2441,0.2305,14,0.239133333333333,0.6477,0.053,0.996,"14",0.287375842725542,"14.14",0.298441990621691,0.997,0.292908916673616
"D27",14,15,"s4a_anac_2","NEW_660",5,"14.15",0.1457,0.1906,0.1577,15,0.164666666666667,0.6477,0.053,0.996,"14",0.172404919973239,"14.15",0.172944083093834,0.997,0.172674501533536
"E27",14,16,"s4a_card_2","NEW_660",5,"14.16",0.5454,0.5115,0.5825,16,0.546466666666667,0.6477,0.053,0.996,"14",0.761875353816067,"14.16",0.776987848535269,0.997,0.769431601175668
"F27",14,17,"s4a_pdam_2","NEW_660",5,"14.17",0.4229,0.4231,0.459,17,0.435,0.6477,0.053,0.996,"14",0.589779218774124,"14.17",0.595623455856401,0.997,0.592701337315262
"G27",14,18,"s2_prus_1","NEW_660",4,"14.18",0.3437,0.5472,0.3666,18,0.419166666666667,0.6477,0.053,0.996,"14",0.565333745046575,"14.18",0.55190843543589,0.997,0.558621090241232
"H27",14,19,"s2_stag_3","NEW_660",5,"14.19",0.3395,0.3525,0.0767,19,0.256233333333333,0.6477,0.053,0.996,"14",0.313776954351294,"14.19",0.334745121766752,0.997,0.324261038059023
"A37",14,20,"s2_hya_3","NEW_660",5,"14.20",0.3553,0.4254,0.4594,20,0.413366666666667,0.6477,0.053,0.996,"14",0.55637898203901,"14.20",0.551051278172742,0.997,0.553715130105876
"B37",14,21,"s4a_brug_1","NEW_660",5,"14.21",0.2573,0.2058,0.2016,21,0.221566666666667,0.6477,0.053,0.996,"14",0.260254232926766,"14.21",0.26753390813291,0.997,0.263894070529838
"C37",14,22,"s3_stag_1","NEW_660",5,"14.22",0.2995,0.2983,0.2553,22,0.284366666666667,0.6477,0.053,0.996,"14",0.357212701353507,"14.22",0.37130035798921,0.997,0.364256529671359
"D37",14,23,"s3_ten_4","NEW_660",5,"14.23",0.163,0.1735,0.1704,23,0.168966666666667,0.6477,0.053,0.996,"14",0.179043795996089,"14.23",0.182826602127767,0.997,0.180935199061928
"E37",14,24,"s3_card_4","NEW_660",5,"14.24",0.4279,0.4378,0.4448,24,0.436833333333333,0.6477,0.053,0.996,"14",0.592609747310998,"14.24",0.613472495336056,0.997,0.603041121323527
"F37",14,25,"s3_pcyl_1","NEW_660",5,"14.25",0.378,0.3686,0.3793,25,0.3753,0.6477,0.053,0.996,"14",0.497606916782461,"14.25",0.526395401603388,0.997,0.512001159192925
"G37",14,26,"s3_brug_1","NEW_660",5,"14.26",0.2351,0.2222,0.2337,26,0.230333333333333,0.6477,0.053,0.996,"14",0.273789305748546,"14.26",0.286693894015025,0.997,0.280241599881786
"H37",14,27,"s3_ten_2","NEW_660",5,"14.27",0.4392,0.2671,0.257,27,0.3211,0.6477,0.053,0.996,"14",0.41392620040142,"14.27",0.432965259920335,0.997,0.423445730160878
"F20",15,1,"s4a_prus_3","NEW_660",5,"15.1",0.2944,0.2518,0.2514,1,0.265866666666667,0.6267,0.073,0.994,"15",0.307749587787884,"15.1",0.307957625030796,0.99,0.30785360640934
"G20",15,2,"s3_stag_3","NEW_660",5,"15.2",0.4906,0.5007,0.5466,2,0.512633333333333,0.6267,0.073,0.994,"15",0.701505239083027,"15.2",0.679231337767923,0.99,0.690368288425475
"H20",15,3,"s3_card_3","NEW_660",5,"15.3",1.0045,1.0113,0.9145,3,0.976766666666667,0.6267,0.073,0.994,"15",1.44210414339663,"15.3",1.45508745996551,0.99,1.44859580168107
"A19",15,4,"s2_brug_2","NEW_660",5,"15.4",0.2864,0.4175,0.0773,4,0.2604,0.6267,0.073,0.994,"15",0.299026647518749,"15.4",0.302636117270264,0.99,0.300831382394506
"B19",15,5,"s2_pver_2","NEW_660",5,"15.5",0.5716,0.5035,0.5668,5,0.5473,0.6267,0.073,0.994,"15",0.756821445667784,"15.5",0.748164572554816,0.99,0.7524930091113
"C19",15,6,"s4b_prus_3","NEW_660",5,"15.6",0.2019,0.1856,0.1767,6,0.188066666666667,0.6267,0.073,0.994,"15",0.183607254933248,"15.6",0.192017738359202,0.99,0.187812496646225
"D19",15,7,"s1_prus_3","NEW_660",5,"15.7",0.1852,0.18,0.1724,7,0.1792,0.6267,0.073,0.994,"15",0.169459071325993,"15.7",0.180734170978073,0.99,0.175096621152033
"E19",15,8,"s1_prus_5","NEW_660",5,"15.8",0.2625,0.2971,0.292,8,0.283866666666667,0.6267,0.073,0.994,"15",0.336471464283815,"15.8",0.336634639073663,0.99,0.336553051678739
"F110",15,9,"s4b_goni_2","NEW_660",5,"15.9",0.7844,0.3654,0.1469,9,0.432233333333333,0.6267,0.073,0.994,"15",0.573214190734535,"15.9",0.595614683419561,0.99,0.584414437077048
"G110",15,10,"s4a_pdam_1","NEW_660",5,"15.10",0.476,0.5172,0.4445,10,0.479233333333333,0.6267,0.073,0.994,"15",0.648210201585022,"15.10",0.650357230845036,0.99,0.649283716215029
"H110",15,11,"s7_prus_1","NEW_660",5,"15.11",0.1596,0.1458,0.1465,11,0.150633333333333,0.6267,0.073,0.994,"15",0.123876389553747,"15.11",0.137817196353782,0.99,0.130846792953764
"A29",15,12,"s2_stag_1","NEW_660",5,"15.12",0.5115,0.5008,0.5254,12,0.512566666666667,0.6267,0.073,0.994,"15",0.701398861762672,"15.12",0.693175659029318,0.99,0.697287260395995
"B29",15,13,"s2_ten_3","NEW_660",5,"15.13",0.9257,0.8775,0.9256,13,0.9096,0.6267,0.073,0.994,"15",1.33492899313866,"15.13",1.34924858339493,0.99,1.34208878826679
"C29",15,14,"s2_stag_4","NEW_660",5,"15.14",0.7796,0.8167,0.8058,14,0.8007,0.6267,0.073,0.994,"15",1.16116164033828,"15.14",1.14688346883469,0.99,1.15402255458648
"D29",15,15,"s3_hya_2","NEW_660",5,"15.15",0.18,0.1862,0.1605,15,0.175566666666667,0.6267,0.073,0.994,"15",0.163661507366629,"15.15",0.172751909337275,0.99,0.168206708351952
"E29",15,16,"s5_prus_1","NEW_660",5,"15.16",0.2578,0.2383,0.3208,16,0.2723,0.6267,0.073,0.994,"15",0.31801499920217,"15.16",0.308154717910815,0.99,0.313084858556493
"F29",15,17,"s4a_card_1","NEW_660",5,"15.17",0.3879,0.3917,0.409,17,0.3962,0.6267,0.073,0.994,"15",0.515717249082496,"15.17",0.513870411431387,0.99,0.514793830256941
"G29",15,18,"s2_card_1","NEW_660",5,"15.18",0.6022,0.6711,0.6405,18,0.637933333333333,0.6267,0.073,0.994,"15",0.901441412690814,"15.18",0.863217541266322,0.99,0.882329476978568
"H29",15,19,"s7_prus_1","NEW_660",5,"15.19",0.1948,0.2046,0.1947,19,0.198033333333333,0.6267,0.073,0.994,"15",0.199510664326366,"15.19",0.207588075880759,0.99,0.203549370103562
"A39",15,20,"s4a_anac_1","NEW_660",5,"15.20",0.1649,0.1677,0.2025,20,0.178366666666667,0.6267,0.073,0.994,"15",0.168129354821552,"15.20",0.175806848977581,0.99,0.171968101899566
"B39",15,21,"s4a_pcyl_2","NEW_660",5,"15.21",0.1696,0.173,0.183,21,0.1752,0.6267,0.073,0.994,"15",0.163076432104675,"15.21",0.168169499876817,0.99,0.165622965990746
"C39",15,22,"s4b_pcyl_4","NEW_660",5,"15.22",0.2572,0.2386,0.2734,22,0.2564,0.6267,0.073,0.994,"15",0.292644008297431,"15.22",0.294653855629465,0.99,0.293648931963448
"D39",15,23,"s4b_lobo_2","NEW_660",5,"15.23",0.7805,0.8234,0.8391,23,0.814333333333333,0.6267,0.073,0.994,"15",1.18291580235094,"15.23",1.12988420793299,0.99,1.15640000514196
"E39",15,24,"s4a_card_3","NEW_660",5,"15.24",0.523,0.5299,0.5583,24,0.537066666666667,0.6267,0.073,0.994,"15",0.740492526993245,"15.24",0.746587829514659,0.99,0.743540178253952
"F39",15,25,"s4b_card_1","NEW_660",5,"15.25",0.766,0.7905,0.7878,25,0.781433333333333,0.6267,0.073,0.994,"15",1.1304185947556,"15.25",1.10574033013057,0.99,1.11807946244309
"G39",15,26,"s4b_lobo_1","NEW_660",5,"15.26",0.7958,0.8765,0.8638,26,0.845366666666667,0.6267,0.073,0.994,"15",1.23243444497633,"15.26",1.210002463661,0.99,1.22121845431867
"H39",15,27,"s2_ten_1","NEW_660",5,"15.27",0.5365,0.5618,0.6041,27,0.567466666666667,0.6267,0.073,0.994,"15",0.789000585075262,"15.27",0.783050012318305,0.99,0.786025298696784
"C",16,1,"s4b_goni_1","NEW_660",5,"16.1",0.3638,0.4115,0.4185,1,0.397933333333333,0.74,0.139,0.985,"16_flip",0.34990990990991,"16.1",0.379253472222222,0.987,0.364581691066066
"B",16,2,"s4a_pcyl_1","NEW_660",4,"16.2",0.246,0.2576,0.4495,2,0.3177,0.74,0.139,0.985,"16_flip",0.241486486486486,"16.2",0.246831597222222,0.987,0.244159041854354
"A",16,3,"s4a_pdam_3","NEW_660",5,"16.3",0.4937,0.4576,0.6309,3,0.5274,0.74,0.139,0.985,"16_flip",0.524864864864865,"16.3",0.556553819444444,0.987,0.540709342154655
"E111",16,7,"s4a_goni_1","NEW_660",5,"16.7",0.2673,0.2703,0.2682,7,0.2686,0.74,0.139,0.985,"16_flip",0.175135135135135,"16.7",0.193012152777778,0.987,0.184073643956456
"D111",16,8,"s4b_pcyl_1","NEW_660",5,"16.8",0.1934,0.1899,0.1842,8,0.189166666666667,0.74,0.139,0.985,"16_flip",0.0677927927927928,"16.8",0.0807725694444444,0.987,0.0742826811186186
"C111",16,9,"s4b_pcyl_2","NEW_660",5,"16.9",0.1674,0.149,0.1637,9,0.160033333333333,0.74,0.139,0.985,"16_flip",0.0284234234234234,"16.9",0.0493055555555555,0.987,0.0388644894894895
"B111",16,10,"s4b_pcyl_3","NEW_660",5,"16.10",0.2143,0.2313,0.225,10,0.223533333333333,0.74,0.139,0.985,"16_flip",0.114234234234234,"16.10",0.137022569444444,0.987,0.125628401839339
"A111",16,11,"s4a_brug_2","NEW_660",5,"16.11",0.6799,0.2579,0.24,11,0.3926,0.74,0.139,0.985,"16_flip",0.342702702702703,"16.11",0.332638888888889,0.987,0.337670795795796
