"","Date","Site.N","Site","Location","Bag","Genus","Species","Species_TB","Plot","Photo.1","Photo.2","Tag","ID","Dewer","full_VOLmm3","full_SAmm2","live_SAmm2","Mass_g","SD_gcm3","SAV","Protein_mgml","chl_a","chl_c","zoox","AFDW_5ml","col","colony_area","branch_density","branch_width","branch_height","polyp_size","polyp_density","base_ratio","height","chl_t","protein","biomass"
"1","09/02/2019","Site 1","Nikko Bay","Inner",21,"Acropora","Acropora cf. subglabra","Acropora cf. subglabra",1,"IMG_1375","IMG_1376",1,"s1_acrop_1","white",1675.6,2316.5,2284.8,2.6,1.55168297923132,1.38248985438052,6.18174396302169,2.24439069065126,0.609663931197479,0.503873424369748,0.021,"#6D452A",919.375,0.7488,0.391666666666667,2.1,0.075,25.6,1.85,15.5,2.85405462184874,4.05839283286613,2.75735294117647
"2","09/02/2019","Site 1","Nikko Bay","Inner",24,"Acropora","Acropora cf. subglabra","Acropora cf. subglabra",2,"IMG_1391","IMG_1392",2,"s1_acrop_2","white",1391.9,2264.2,2237.2,2.1,1.50872907536461,1.62669732020978,6.7251224895968,3.0727082290363,0.84686813874486,0.844806007509387,0.025,"#CE956E",210,0.657142857142857,0.475,3.825,0.075,38.4,2.29305135951662,15.1,3.91957636778116,4.50906657178402,3.35240479170392
"3","09/02/2019","Site 1","Nikko Bay","Inner",22,"Acropora","Acropora cf. subglabra","Acropora cf. subglabra",1,"IMG_1377","IMG_1378",3,"s1_acrop_3","white",4029.6,4094.8,4060.7,8,1.98530871550526,1.01618026603137,6.13532954582386,1.11114534439875,0.117387974979684,0.269350112049647,0.029,"#704B2F",116.875,0.684491978609626,0.475,1.5,0.075,20.48,2.91,7.5,1.22853331937843,2.26635661800571,2.14248774841776
"4","09/02/2019","Site 1","Nikko Bay","Inner",19,"Anacropora","Anacropora spinosa","Anacropora spinosa",1,"IMG_1369","IMG_1370",1,"s1_anac_1","white",876.3,1314,1304.1,1.2,1.36939404313591,1.49948647723382,2.72558180167807,6.63068276972625,1.6556773636991,0.623035043324898,0.015,"#44281A",67,0.567164179104478,0.233333333333333,2.99166666666667,0.025,40,3.7,8.25,8.28636013342536,3.13501472472748,3.45065562456867
"5","09/02/2019","Site 1","Nikko Bay","Inner",18,"Anacropora","Anacropora spinosa","Anacropora spinosa",1,"Bridge_4944",NA,2,"s1_anac_2","white",213.6,350.1,343.4,0.3,1.40449438202247,1.63904494382022,0.958550740913352,3.62538511939429,-1.32635993011066,0.748034362259756,0.022,"#44281A",NA,NA,NA,NA,NA,NA,NA,NA,2.29902518928364,4.18703002728605,19.2195690157251
"6","09/02/2019","Site 1","Nikko Bay","Inner",25,"Isopora","Isopora cf. brueggemanni","Isopora cf. brueggemanni",2,"IMG_1398","IMG_1399",1,"s1_brug_1","white",2175.1,1573.4,1512.2,2.9,1.33327203346973,0.723369040503885,3.00940283044758,2.77588212538024,0.126006844332761,0.688401005158048,0.029,"#634423",98.75,0.273417721518987,1.08333333333333,2.44166666666667,0.15,21.3333333333333,1.39393939393939,6.5,2.901888969713,2.98512382335099,5.75320724771856
"7","09/02/2019","Site 1","Nikko Bay","Inner",15,"Isopora","Isopora cf. brueggemanni","Isopora cf. brueggemanni",1,"IMG_1363","IMG_1364",2,"s1_brug_2","white",2324.5,1511.6,1444.4,3.3,1.41966014196601,0.650290385029038,2.25610903058895,4.54799823456106,1.09817353226253,0.917335918028247,0.018,"#824925",358.75,0.253658536585366,1.24166666666667,2.75,0.25,10.6666666666667,0.895348837209302,22.5,5.64617176682359,2.34295454575147,3.73857657158682
"8","09/02/2019","Site 1","Nikko Bay","Inner",16,"Isopora","Isopora cf. brueggemanni","Isopora cf. brueggemanni",2,"IMG_1387","IMG_1388",3,"s1_brug_3","white",6368.2,3851,3738.5,9.5,1.49178731823749,0.604723469740272,6.06249320768485,4.07155253443895,0.75305312291026,0.659020997726361,NA,"#724521",117.5,0.272340425531915,0.883333333333333,2.1,0.15,19.5555555555556,1.76530612244898,4.75,4.82460565734921,2.4324568173137,NA
"9","09/02/2019","Site 1","Nikko Bay","Inner",15,"Goniastrea","Goniastrea spp.","Goniastrea cf. favulus",1,"IMG_1402","IMG_1403",1,"s1_goni_1","red",47245.6,10087,7177,67.2,1.42235467429771,0.213501363089896,12.1312588411842,5.88080471645536,2.71166846175282,0.408335655566393,0.042,"#BF977A",102.875,0.0972053462940462,3.14166666666667,4,0.375,6.4,1.39085239085239,9.95,8.59247317820818,2.53544492988384,1.75560819283823
"10","09/02/2019","Site 1","Nikko Bay","Inner",23,"Goniastrea","Goniastrea spp.","Goniastrea cf. favulus",2,"IMG_1389","IMG_1390",2,"s1_goni_2","red",62265.8,12753.3,6201.2,91,1.46147644453295,0.204820302638045,9.71415540559446,3.87770483132297,1.50352146358769,0.531852705927885,0.066,"#877862",218.75,0.0685714285714286,3.58333333333333,5.16666666666667,0.4,6.4,1.21951219512195,9.125,5.38122629491066,2.34974409926977,3.19293040056763
"11","09/02/2019","Site 1","Nikko Bay","Inner",20,"Goniastrea","Goniastrea spp.","Goniastrea cf. favulus",1,"IMG_1381","IMG_1382",3,"s1_goni_3","red",63613.8,14333.2,9165.8,99.1,1.55783807915892,0.225315890577202,9.50755609122151,3.53538541916691,1.34162410264243,0.302551332125946,0.048,"#70452B",87.5,0.114285714285714,2.69166666666667,4.74166666666667,0.375,5.12,0.923884514435696,12.225,4.87700952180935,1.55592901185191,1.57105762726658
"12","09/02/2019","Site 1","Nikko Bay","Inner",1,"Porites","Porites cf. cylindrica","Porites cf. cylindrica",1,"IMG_1357","IMG_1358",1,"s1_pcyl_1","white",5630.1,2265.6,2128.4,6.5,1.1545088009094,0.402408482975436,3.1465797846956,5.51050829261417,0.716667285284721,0.720611727118962,0.025,"#D8BA7A",1076.25,0.115749039692702,1.2,6.13333333333333,0.1,79.36,1.05424810530515,12.5,6.22717557789889,2.21756703488226,3.52377372674309
"13","09/02/2019","Site 1","Nikko Bay","Inner",2,"Porites","Porites cf. cylindrica","Porites cf. cylindrica",1,"IMG_1359","IMG_1360",2,"s1_pcyl_2","white",887.3,618.4,570.1,1,1.12701453848755,0.696945790600699,1.37350951723734,5.62846333976495,0.68138493246799,0.615023680056131,0.023,"#756448",333.125,0.29718574108818,0.891666666666667,7.23333333333333,0.1,99.84,1.51440922190202,20,6.30984827223294,3.61386471821787,12.1031398000351
"14","09/02/2019","Site 1","Nikko Bay","Inner",3,"Porites","Porites cf. cylindrica","Porites cf. cylindrica",1,"IMG_1361","IMG_1362",3,"s1_pcyl_3","white",2030.5,1170.8,1114.7,2.2,1.08347697611426,0.576606747106624,3.67463129419001,15.5653670494303,5.60936000717683,1.51554229837624,0.028,"#896439",203.75,0.377914110429448,0.925,5.175,0.1,102.4,1.4968814968815,15,21.1747270566072,4.94478060579978,7.53565981878532
"15","09/02/2019","Site 1","Nikko Bay","Inner",4,"Porites","Porites cf. cylindrica","Porites cf. cylindrica",1,"IMG_1373","IMG_1374",4,"s1_pcyl_4","white",2935.2,1426.2,1353.2,3.4,1.15835377487054,0.485895339329518,4.04361830004586,13.2235744531481,4.772139595034,1.63263797981504,0.034,"#473A22",275,0.389090909090909,0.941666666666667,4.63333333333333,0.1,69.12,1.19489247311828,12.5,17.9957140481821,4.48228454778953,7.53768844221106
"16","09/02/2019","Site 1","Nikko Bay","Inner",5,"Porites","Porites cf. cylindrica","Porites cf. cylindrica",1,"IMG_1385","IMG_1386",5,"s1_pcyl_5","white",2515.7,1478.2,1401.95,2.8,1.11301029534523,0.587589935206901,3.59894122566598,7.73098384393167,2.39259474303649,0.929508898320197,0.033,"#74673B",846.875,0.165313653136531,0.975,2.31666666666667,0.1,61.44,1.20039682539683,13.1,10.1235785869682,3.85064505759761,7.06159278148293
"17","09/02/2019","Site 1","Nikko Bay","Inner",10,"Porites","Porites cf. rus","Porites cf. rus",2,"IMG_1396","IMG_1397",1,"s1_prus_1","white",5008.24,2307,2068.3,5,0.998354711435554,0.460640863856365,4.6498862615702,6.5541812841464,2.26504670502345,1.10900256249093,0.044,"#997040",752.5,0.15632183908046,1.70833333333333,3.33333333333333,0.05,120.32,1.10455764075067,34.75,8.81922798916985,3.37225228078871,6.3820528936808
"18","09/02/2019","Site 1","Nikko Bay","Inner",8,"Porites","Porites cf. rus","Porites cf. rus",1,"IMG_1383","IMG_1384",2,"s1_prus_2","white",7090.5,3015.7,2941,6.6,0.930822932092236,0.425315563077357,3.49259761185924,6.10484512920775,1.93043447381843,0.749319959197552,0.043,"#836640",681.875,0.195918367346939,1.64166666666667,3.73333333333333,0.05,89.6,1.26123301985371,13.075,8.03527960302618,1.78133166194793,4.38626317579055
"19","09/02/2019","Site 1","Nikko Bay","Inner",9,"Porites","Porites cf. rus","Porites cf. rus",2,"IMG_1393","IMG_1394",3,"s1_prus_3","white",902.6,724.3,670.1,1,1.10791048083315,0.80245956126745,1.75096621152033,5.67253820325323,1.27575570810327,0.947619758245038,0.037,"#6D4F29",172.5,0.32463768115942,1.15833333333333,4.53333333333333,0.05,151.04,1.07386363636364,18.15,6.9482939113565,3.9194886095814,16.5646918370392
"20","09/02/2019","Site 1","Nikko Bay","Inner",7,"Porites","Porites cf. rus","Porites cf. rus",1,"IMG_1371","IMG_1372",5,"s1_prus_5","white",3324.5,1733.7,1575.5,3.2,0.962550759512709,0.521491953677245,3.36553051678739,7.23768451285305,2.33701351951762,1.20993335449064,0.047,"#4A3822",206.25,0.300606060606061,1.03333333333333,3.10833333333333,0.1,71.68,1.2,9.25,9.57469803237067,3.20424993664302,8.94953982862583
"21","09/02/2019","Site 1","Nikko Bay","Inner",12,"Pocillopora","Pocillopora cf. damicornis","Pocillopora cf. damicornis",1,"IMG_1379","IMG_1380",1,"s1_poc_1","white",3436.4,3745.6,3568.4,8.8,2.56081946222791,1.08997788383192,7.97043411103753,2.73685723293353,0.609570297612376,0.525795874901917,0.034,"#946D3F",194.375,0.190353697749196,0.966666666666667,2.85833333333333,0.075,43.52,1.83453237410072,10.675,3.3464275305459,3.35042348575168,2.85842394350409
"22","09/02/2019","Site 1","Nikko Bay","Inner",13,"Pocillopora","Pocillopora cf. damicornis","Pocillopora cf. damicornis",2,"IMG_1395",NA,2,"s1_poc_2","white",2511.1,2750.6,2709.6,6.7,2.66815339890884,1.09537652821473,7.31419573916009,2.9569465234721,0.747143655890169,0.495460584588131,0.025,"#996B35",178.125,0.275087719298246,0.916666666666667,NA,0.05,101.333333333333,NA,NA,3.70409017936227,4.04904547119137,2.76793622674934
"23","09/02/2019","Site 1","Nikko Bay","Inner",11,"Pocillopora","Pocillopora cf. damicornis","Pocillopora cf. damicornis",1,"IMG_1367","IMG_1368",3,"s1_poc_3","white",2104,2251.9,2216.4,5.2,2.47148288973384,1.07029467680608,4.6801382810533,2.39700805360044,0.376009677855983,0.539726583649161,NA,"#DCB57C",68.625,0.597449908925319,0.625,2.09166666666667,0.05,81.6635160680529,1.65,7,2.77301773145642,3.16739190650602,NA
"24","09/02/2019","Site 1","Nikko Bay","Inner",NA,"Lobophyllia","Lobophyllia cf. hemprichii","Lobophyllia cf. hemprichii",1,"IMG_1404",NA,3,"s1_lobo_1","white",7485.2,3731.9,2292.5,12.3,1.64324266552664,0.498570512477957,4.39262658490186,7.00078979280262,1.7313785823337,0.699563794983642,0.039,"#9B977A",758.125,0.00263808738664468,22.75,NA,2.625,0.28,NA,NA,8.73216837513632,2.8741286269805,5.10359869138495
"25","09/02/2019","Site 1","Nikko Bay","Inner",7,"Acropora","Acropora cf. muricata","Acropora cf. muricata",2,"IMG_1400","IMG_1401",1,"s1_stag_1","white",1870,1988.5,1949.8,3,1.60427807486631,1.06336898395722,5.67489198566853,2.16675407734126,0.363870858549595,NA,0.02,"#B3997C",133.75,0.142056074766355,0.833333333333333,6.95,0.1,40.96,4.15217391304348,16.05,2.53062493589086,4.36574929659596,3.07723869114781
"26","10/02/2019","Site 2","Pats Dropoff","Outer",1,"Isopora","Isopora cf. brueggemanni","Isopora cf. brueggemanni",1,"IMG_1438","IMG_1439",1,"s2_brug_1","green",11080.5,4392.9,4155.6,16.5,1.48910247732503,0.396453228644917,8.56547517288752,2.47751974444124,0.181978252237945,0.325539633265954,0.026,"#D9CFB9",205,0.190243902439024,1.34166666666667,2.575,0.15,25.6,1.25824175824176,4.825,2.65949799667918,3.09178283745579,1.87698527288478
"27","10/02/2019","Site 2","Pats Dropoff","Outer",2,"Isopora","Isopora cf. brueggemanni","Isopora cf. brueggemanni",1,"IMG_1440","IMG_1441",2,"s2_brug_2","green",4106.1,2065.6,1961.1,6.3,1.53430262292686,0.50305642824091,3.00831382394506,2.34810256998624,-0.478891349242771,0.445540767936362,0.025,"#C5B799",471.875,0.262781456953642,1.25,2.35,0.15,26.6666666666667,1.30555555555556,11.125,1.86921122074347,2.3009896159898,3.82438427413186
"28","10/02/2019","Site 2","Pats Dropoff","Outer",3,"Isopora","Isopora cf. brueggemanni","Isopora cf. brueggemanni",2,"IMG_1457","IMG_1458",3,"s2_brug_3","green",5340.8,3033.4,2931.1,7,1.31066506890354,0.567967345715998,4.02987235834228,3.00282016990208,-0.157602632117635,0.504929889802463,0.043,"#918C76",358.75,0.214634146341463,1.19166666666667,2.70833333333333,0.15,40.96,1.10497237569061,5.6,2.84521753778445,2.06230034373219,4.4010780935485
"29","10/02/2019","Site 2","Pats Dropoff","Outer",25,"Acropora","Acropora cf. subglabra","Acropora cf. subglabra",1,"Bridge_5138",NA,1,"s2_card_1","green",3297.6,4601.6,4478.8,5.5,1.66787967006308,1.3954391072295,8.82329476978568,2.94421793784049,0.419036979771367,0.432314459230151,0.055,"#7E738A",NA,NA,NA,NA,NA,NA,NA,NA,3.36325491761186,2.95501968265574,3.6840225060284
"30","10/02/2019","Site 2","Pats Dropoff","Outer",14,"Goniastrea","Goniastrea spp.","Goniastrea cf. favulus",1,"IMG_1493","IMG_1494",1,"s2_goni_1","red",29722.3,8365.6,5193,51.1,1.71924783748229,0.28145870272489,6.40078713244145,0.625199610051993,0.0025721620450609,0.359618717504333,0.0485,"#B49B8A",43.125,0.0231884057971014,7.3,12.3,0.4,8.32,0.8,12.3,0.627771772097054,1.84886976673641,2.80184864240324
"31","10/02/2019","Site 2","Pats Dropoff","Outer",24,"Acropora","Acropora cf. hyacinthus","Acropora cf. hyacinthus",2,"IMG_1461","IMG_1462",1,"s2_hya_1","green",1119.8,1373.8,1373.8,1.8,1.60742989819611,1.22682621896767,3.6908737143959,3.40014044984713,-0.522792855583052,0.897146600669675,0.038,"#BF8E73",1230,1.06666666666667,0.533333333333333,2.29166666666667,0.1,35.5555555555556,5.26666666666667,13.75,2.87734759426408,4.02992471363652,8.29815111369923
"32","10/02/2019","Site 2","Pats Dropoff","Outer",23,"Acropora","Acropora cf. hyacinthus","Acropora cf. hyacinthus",2,"IMG_1473","IMG_1474",2,"s2_hya_2","green",1418.9,1656.4,1622.5,2.2,1.55049686376771,1.16738318415674,6.08634020349038,4.97708112480739,1.31547723420647,0.938366718027735,0.053,"#83736A",10428.75,2.08,0.433333333333333,0.716666666666667,0.1,51.2,3.61379310344828,17,6.29255835901386,5.62681682911283,9.79969183359014
"33","10/02/2019","Site 2","Pats Dropoff","Outer",22,"Acropora","Acropora cf. hyacinthus","Acropora cf. hyacinthus",1,"IMG_1477","IMG_1478",3,"s2_hya_3","green",1884.8,2064.8,2037.6,2.7,1.43251273344652,1.09550084889643,5.53715130105876,3.81059010600706,0.0658641784452314,0.818364742834708,NA,"#936A45",446.25,2.2,0.375,1.23333333333333,0.075,51.2,4.29166666666667,7,3.87645428445229,4.07623034530239,NA
"34","10/02/2019","Site 2","Pats Dropoff","Outer",25,"Acropora","Acropora cf. hyacinthus","Acropora cf. hyacinthus",2,"IMG_1467","IMG_1468",4,"s2_hya_4","green",4836.6,4826.9,4793.2,9.8,2.02621676384237,0.997994458917421,7.61055221609084,3.55458503713594,1.13873860364683,0.913533756154553,0.043,"#654436",312.5,1.45777777777778,0.608333333333333,1.94166666666667,0.1,69.12,3.59183673469388,15.25,4.69332364078278,2.38167160229831,2.69131269298172
"35","10/02/2019","Site 2","Pats Dropoff","Outer",6,"Porites","Porites cf. cylindrica","Porites cf. cylindrica",1,"IMG_1449","IMG_1450",3,"s2_pcyl_3","green",5372,2459.2,2327.3,5.6,1.04244229337305,0.457781087118392,1.52471024359968,1.17323273750699,-0.294360385425171,0.807265930477377,0.03,"#9B977B",3018.75,0.2944,1.225,2.925,0.075,64,1.32274741506647,19.2,0.878872352081815,0.982711883040227,3.86714218192756
"36","10/02/2019","Site 2","Pats Dropoff","Outer",11,"Pocillopora","Pocillopora cf. damicornis","Pocillopora cf. damicornis",2,"IMG_1463","IMG_1464",1,"s2_pdam_1","green",12338.7,9645.4,9428.3,25,2.0261453799833,0.781719305923639,12.6376080063876,1.97066628130204,0.297007517261861,0.278814844669771,0.045,"#D2BB94",131.875,0.159241706161137,1.84166666666667,1.64166666666667,0.05,102.4,1.38461538461538,2,2.2676737985639,2.01058642698911,1.43185940201309
"37","10/02/2019","Site 2","Pats Dropoff","Outer",10,"Pocillopora","Pocillopora cf. damicornis","Pocillopora cf. damicornis",2,"IMG_1459","IMG_1460",2,"s2_pdam_2","green",12586.8,8153.6,7733.7,22.3,1.77169733371469,0.647789747989958,7.6311010908866,3.01034522285581,0.585808477830792,0.345727142247566,0.037,"#704014",38.75,0.258064516129032,1.275,1.53333333333333,0.075,80,1.91194968553459,2.9,3.59615370068661,1.48010029304601,1.43527677567012
"38","10/02/2019","Site 2","Pats Dropoff","Outer",13,"Pocillopora","Pocillopora cf. damicornis","Pocillopora cf. damicornis",2,"IMG_1471","IMG_1472",3,"s2_pdam_3","green",3395.6,3269.5,3180.4,8.4,2.47378961008364,0.962863705972435,3.97744140819126,1.5922104766696,-0.296238704251037,0.364733995723808,0.04,"#E5B984",33.125,0.754716981132076,1,1.4,0.025,189.44,1.4,2.55,1.29597177241856,1.87591564340551,3.77311030059112
"39","10/02/2019","Site 2","Pats Dropoff","Outer",9,"Porites","Porites cf. rus","Porites cf. rus",1,"IMG_1453","IMG_1454",1,"s2_prus_1","green",10052.7,4928.4,4729.3,12.7,1.26334218667622,0.490256349040556,5.58621090241232,2.23564611041803,0.372286485314952,0.403714231341999,0.036,"#E6CA95",323.125,0.105222437137331,1.33333333333333,1.85,0.05,110.08,1.17464114832536,6.025,2.60793259573299,1.77178786577685,2.28363605607595
"40","10/02/2019","Site 2","Pats Dropoff","Outer",7,"Porites","Porites cf. rus","Porites cf. rus",1,"IMG_1447","IMG_1448",2,"s2_prus_2","green",7400.4,3201,3106.4,9.2,1.24317604453813,0.432544186800713,4.47750648259198,2.74131499484935,0.366994744720577,0.489427357345204,0.021,"#A48460",1360.625,0.0683509416628388,1.925,3.55,0.075,51.2,1.40180878552972,19.675,3.10830973956992,2.16207176277619,2.02807107906258
"41","10/02/2019","Site 2","Pats Dropoff","Outer",8,"Porites","Porites cf. rus","Porites cf. rus",1,"IMG_1451","IMG_1452",3,"s2_prus_3","green",7481.4,3321,3215.5,10.2,1.36338118533964,0.443900874167936,3.01458897937277,1.08167241486549,0.441631581402581,0.269786969367128,0.037,"#F9ECC1",199.375,0.150470219435737,1.38333333333333,3.25833333333333,0.05,115.2,1.16591928251121,11.25,1.52330399626807,1.40627693020033,3.45202923340072
"42","10/02/2019","Site 2","Pats Dropoff","Outer",12,"Pocillopora","Pocillopora cf. verrucosa","Pocillopora cf. verrucosa",2,"IMG_1465","IMG_1466",1,"s2_pver_1","green",9230.2,4972.1,4685,20.2,2.18846828887781,0.538677385105415,7.56760790136426,4.13630779082177,0.66082355923159,0.722518676627535,0.054,"#BE9870",253.75,0.141871921182266,2.30833333333333,3.4,0.1,61.44,3.27272727272727,17.425,4.79713135005336,2.42292675603978,3.45784418356457
"43","10/02/2019","Site 2","Pats Dropoff","Outer",13,"Pocillopora","Pocillopora cf. verrucosa","Pocillopora cf. verrucosa",2,"IMG_1469","IMG_1470",2,"s2_pver_2","green",10576.7,6841.3,6220.8,22.1,2.08949861487988,0.646827460360982,7.524930091113,4.26781130642361,1.01878483072917,0.691430362654321,0.077,"#947D76",410.625,0.10958904109589,2.5,2.89166666666667,0.075,66.56,1.2719298245614,7.75,5.28659613715278,1.81446038076606,3.7133487654321
"44","10/02/2019","Site 2","Pats Dropoff","Outer",21,"Acropora","Acropora cf. muricata","Acropora cf. muricata",1,"IMG_1483","IMG_1484",1,"s2_stag_1","green",1844,2075.7,2036.8,2.7,1.46420824295011,1.12565075921909,6.97287260395995,1.91716879418696,-0.650149143263942,0.343921838177533,0.039,"#CCC6BC",970.625,0.195555555555556,0.966666666666667,7.83333333333333,0.125,30.72,1.41071428571429,17.65,1.26701965092301,5.13516737330122,5.74430479183032
"45","10/02/2019","Site 2","Pats Dropoff","Outer",19,"Acropora","Acropora cf. muricata","Acropora cf. muricata",1,"IMG_1479","IMG_1480",2,"s2_stag_2","green",2398.6,2808.7,2744,3.8,1.58425748353206,1.17097473526224,6.70925191219898,1.43194575437318,-0.252158992346939,0.249180029154519,0.052,"#E1DBC3",5971.875,0.1472,1.1,5.20833333333333,0.1,40.96,1.14814814814815,32.3,1.17978676202624,3.66759397532743,5.68513119533528
"46","10/02/2019","Site 2","Pats Dropoff","Outer",20,"Acropora","Acropora cf. muricata","Acropora cf. muricata",1,"IMG_1481","IMG_1482",3,"s2_stag_3","green",1711.8,2357.7,2316.6,2.7,1.57728706624606,1.37732211706975,3.24261038059023,1.60824106449106,0.418113344988345,0.197487697487697,0.022,"#93836B",3881.25,0.1728,0.908333333333333,4.58333333333333,0.1,28.16,1.03383458646617,25.5,2.02635440947941,2.09959232102449,2.84900284900285
"47","10/02/2019","Site 2","Pats Dropoff","Outer",18,"Acropora","Acropora cf. muricata","Acropora cf. muricata",1,"IMG_1475","IMG_1476",4,"s2_stag_4","green",3278.9,4081.6,4031.7,4.8,1.46390557809021,1.24480770990271,11.5402255458648,1.64625652950368,0.243172278443337,0.345077758761813,NA,"#DBD9C4",2293.75,0.1472,0.958333333333333,6,0.1,51.2,1.04347826086957,17.375,1.88942880794702,4.29355813150711,NA
"48","10/02/2019","Site 2","Pats Dropoff","Outer",15,"Acropora","Acropora cf. tenuis","Acropora cf. tenuis",1,"IMG_1485","IMG_1486",1,"s2_ten_1","green",2035.3,2538.1,2500,2.5,1.22832014936373,1.24703974844003,7.86025298696784,3.21337692,0.21866193,0.6715,0.047,"#ECDFC1",463.75,0.533333333333333,0.625,1.10833333333333,0.15,28.4444444444444,1.42857142857143,7.575,3.43203885,4.7161517921807,5.64
"49","10/02/2019","Site 2","Pats Dropoff","Outer",17,"Acropora","Acropora cf. tenuis","Acropora cf. tenuis",1,"IMG_1491","IMG_1492",2,"s2_ten_2","green",1115.63,1220.9,1187.4,1.6,1.43416724182749,1.09435924096699,3.10345606635877,2.71356594239515,-0.796066258211218,0.639001179046657,0.034,"#8D7C75",4824.375,0.64,0.808333333333333,1.76666666666667,0.125,33.28,2.03703703703704,60.025,1.91749968418393,3.92048517731022,8.59019706922688
"50","10/02/2019","Site 2","Pats Dropoff","Outer",16,"Acropora","Acropora cf. tenuis","Acropora cf. tenuis",1,"IMG_1487","IMG_1488",3,"s2_ten_3","green",5019.2,5323.1,5275.5,6.7,1.33487408351929,1.06054749760918,13.4208878826679,4.3128957065681,1.490091000853,0.709885318927116,NA,"#928570",80.625,0.694573643410853,0.508333333333333,1.91666666666667,0.1,43.52,1.13888888888889,5.25,5.8029867074211,3.8160045159704,NA
"51","11/02/2019","Site 3","Mutmelachel","Lagoon",4,"Isopora","Isopora cf. brueggemanni","Isopora cf. brueggemanni",2,"IMG_1505","IMG_1506",1,"s3_brug_1","blue",2926,1907.9,1843.6,4.3,1.46958304853042,0.652050580997949,2.80241599881786,1.95237285745281,0.513556031677154,0.410202863961814,0.041,"#969076",823.75,0.2112,1.225,3.725,0.15,17.92,1.5,13.325,2.46592888912996,2.28011716111238,6.67172922542851
"52","11/02/2019","Site 3","Mutmelachel","Lagoon",5,"Isopora","Isopora cf. brueggemanni","Isopora cf. brueggemanni",1,"IMG_1513","IMG_1514",2,"s3_brug_2","blue",2073,1562.7,1485.9,3.3,1.59189580318379,0.75383502170767,2.34521425684317,1.97887633757319,0.519096608116292,0.628407026044821,0.034,"#794825",176.25,0.357446808510638,0.95,4.41666666666667,0.1,40.96,1.56666666666667,15.15,2.49797294568948,2.36746846037065,6.86452654956592
"53","11/02/2019","Site 3","Mutmelachel","Lagoon",6,"Isopora","Isopora cf. brueggemanni","Isopora cf. brueggemanni",1,"IMG_1515","IMG_1516",3,"s3_brug_3","blue",3359.8,2092.8,2014.4,4.9,1.45842014405619,0.622894219894041,2.52965846569085,1.59444303514694,0.493272289515488,0.279860007942812,0.021,"#847C6E",1187.5,0.2,1.35,2.69166666666667,0.1,25.6,1.33333333333333,11.75,2.08771532466243,1.88368134359426,3.12748212867355
"54","11/02/2019","Site 3","Mutmelachel","Lagoon",7,"Isopora","Isopora cf. brueggemanni","Isopora cf. brueggemanni",1,"IMG_1523","IMG_1524",4,"s3_brug_4","blue",6461.7,3604.7,3485.7,9.3,1.43924973304239,0.557856291687946,4.58017095410972,2.78172187795851,0.853594629486189,0.551897753679318,0.049,"#DCD7C8",175,0.194285714285714,1.4,4.33333333333333,0.15,46.08,1.30952380952381,11.45,3.6353165074447,1.97098328346231,4.21723039848524
"55","11/02/2019","Site 3","Mutmelachel","Lagoon",18,"Acropora","Acropora cf. subglabra","Acropora cf. subglabra",2,"IMG_1548",NA,1,"s3_card_1","blue",1391.2,2118.1,2094.2,2.6,1.86889016676251,1.52249856239218,3.79193411499919,2.15691598223665,0.632435440741095,0.53719797536052,0.037,"#928276",1880,0.115555555555556,0.641666666666667,3,0.075,6.4,1.38461538461538,24.75,2.78935142297774,2.71602577237073,5.30035335689046
"56","11/02/2019","Site 3","Mutmelachel","Lagoon",17,"Acropora","Acropora cf. subglabra","Acropora cf. subglabra",2,"IMG_1546","IMG_1547",2,"s3_card_2","blue",1897.1,3444.3,3422.9,3.6,1.89763322966633,1.81556059248326,2.13879190769319,1.75085461158666,0.500721464255456,0.256726752169213,0.033,"#7E738A",54.625,0.329519450800915,0.583333333333333,6.5,0.075,7.68,2.47058823529412,7.15,2.25157607584212,0.93727186348996,2.89228432031318
"57","11/02/2019","Site 3","Mutmelachel","Lagoon",21,"Acropora","Acropora cf. subglabra","Acropora cf. subglabra",3,"IMG_1565","IMG_1566",3,"s3_card_3","blue",4190.1,6425.3,6365.6,6.6,1.57514140473974,1.53344788907186,14.4859580168107,1.75528295840141,0.444845387708937,0.435151438984542,0.054,"#908E6B",6225.625,0.222222222222222,0.641666666666667,3.41666666666667,0.1,6.4,1.18181818181818,57.25,2.20012834611034,3.41349394011814,2.5449289933392
"58","11/02/2019","Site 3","Mutmelachel","Lagoon",1,"Acropora","Acropora cf. hyacinthus","Acropora cf. hyacinthus",2,"IMG_1502","IMG_1503",1,"s3_hya_1","blue",952.4,1130.3,1093.1,1.4,1.46997060058799,1.18679126417472,2.59722686179379,2.17086144908975,0.736564907144818,1.10008233464459,0.027,"#BC9378",435.625,1.88,0.408333333333333,2.34166666666667,0.075,71.68,2.44918032786885,8.6,2.90742635623456,3.56402917637058,7.41011801299058
"59","11/02/2019","Site 3","Mutmelachel","Lagoon",2,"Acropora","Acropora cf. hyacinthus","Acropora cf. hyacinthus",2,"IMG_1542","IMG_1543",2,"s3_hya_2","blue",526.3,653.1,631.6,0.7,1.33003990119704,1.24092722781683,1.68206708351952,3.17110544648512,0.93214621595947,0.716434452184927,0.036,"#997A6A",821.25,1.36,0.525,1.61666666666667,0.1,53.76,4.22222222222222,11.2,4.10325166244459,3.99477616415339,17.0994300189994
"60","11/02/2019","Site 3","Mutmelachel","Lagoon",3,"Acropora","Acropora cf. hyacinthus","Acropora cf. hyacinthus",3,"IMG_1559","IMG_1560",3,"s3_hya_3","blue",827.5,1264,1249.3,1.3,1.57099697885196,1.52749244712991,2.23770383720853,2.28903602017129,0.740583366685345,0.673234153983373,0.024,"#674A2F",206.875,2.24,0.408333333333333,0.925,0.075,117.76,1.5,3.925,3.02961938685663,2.68674918419338,5.76322740734811
"61","11/02/2019","Site 3","Mutmelachel","Lagoon",9,"Porites","Porites cf. cylindrica","Porites cf. cylindrica",1,"IMG_1511","IMG_1512",1,"s3_pcyl_1","blue",4170.275,1498.2,1630.83,5.4,1.294878635102,0.359256883538855,5.12001159192925,6.50393517411379,2.61011120104487,1.29152026882017,0.046,"#BD9C8F",1703.75,0.1408,1.29166666666667,5.08333333333333,0.125,39.1111111111111,1.36,21.25,9.11404637515867,4.70926913773592,8.46194882360516
"62","11/02/2019","Site 3","Mutmelachel","Lagoon",8,"Porites","Porites cf. cylindrica","Porites cf. cylindrica",2,"IMG_1507","IMG_1508",2,"s3_pcyl_2","blue",2863.9,1590.4,1481.2,3.3,1.15227486993261,0.555326652466916,4.740207724555,8.6109160815555,2.79966351606806,1.57642452065892,0.025,"#92826E",801.875,0.108495713172253,1.56666666666667,4.70833333333333,0.175,53.76,1.28,14,11.4105795976236,4.80037239186639,5.06346205779098
"63","11/02/2019","Site 3","Mutmelachel","Lagoon",10,"Porites","Porites cf. cylindrica","Porites attenuata",1,"IMG_1521","IMG_1522",3,"s3_pcyl_3","blue",3639.9,1674.1,1558.25,4.8,1.31871754718536,0.459930217863128,4.77599218444576,6.38514195411519,2.26464835552704,1.48323439756137,0.036,"#B49F87",396.875,0.113385826771654,1.33333333333333,5.19166666666667,0.15,40.96,1.65366972477064,12.025,8.64979030964223,4.59745758169013,6.93085191721482
"64","11/02/2019","Site 3","Mutmelachel","Lagoon",11,"Porites","Porites cf. cylindrica","Porites attenuata",2,"IMG_1536","IMG_1537",4,"s3_pcyl_4","blue",2969.8,1698.9,1616.8,3.5,1.17853054077716,0.572058724493232,5.77921741199909,13.1895419346858,5.04436779440871,1.95447798119743,0.027,"#B89D7E",899.375,0.192,0.766666666666667,7.75,0.15,40.96,1.57017543859649,21,18.2339097290945,5.36171828179035,5.00989609104404
"65","11/02/2019","Site 3","Mutmelachel","Lagoon",3,"Pocillopora","Pocillopora cf. damicornis","Pocillopora cf. damicornis",3,"IMG_1562","IMG_1563",1,"s3_pdam_1","blue",2320.9,2976.5,2948.4,5.5,2.36977034770994,1.28247662544702,5.5631379610426,2.78623478835979,0.81183195970696,0.612620404287071,0.031,"#B49878",179.375,0.250871080139373,1.53333333333333,2.5,0.075,135.68,1.38429752066116,10.225,3.59806674806675,2.83024926792969,3.15425315425315
"66","11/02/2019","Site 3","Mutmelachel","Lagoon",25,"Pocillopora","Pocillopora cf. damicornis","Pocillopora cf. damicornis",1,"IMG_1526","IMG_1527",2,"s3_pdam_2","blue",1584.5,2296.8,2283.2,3.9,2.46134427264121,1.44954244241086,5.36199770955779,1.64605428784163,0.393638248948844,0.492182025227751,0.033,"#CFBB98",75.625,0.23801652892562,0.6,3,0.05,94.72,1.38461538461538,5,2.03969253679047,3.52268595144389,4.33601962158374
"67","11/02/2019","Site 3","Mutmelachel","Lagoon",16,"Pocillopora","Pocillopora cf. damicornis","Pocillopora cf. damicornis",2,"IMG_1544","IMG_1545",3,"s3_pdam_3","blue",2849.2,3028.1,2951.7,7,2.45682998736487,1.0627895549628,4.95203028264985,1.27229261103771,0.4209318020124,0.377748416166955,0.026,"#B19C7D",122.5,0.228571428571429,1.19166666666667,2.58333333333333,0.05,56.32,1.96363636363636,6.25,1.69322441305011,2.51653129517728,2.64254497408273
"68","11/02/2019","Site 3","Mutmelachel","Lagoon",21,"Porites","Porites cf. rus","Porites cf. rus",2,"IMG_1549","IMG_1550",1,"s3_prus_1","blue",2562.3,1503.1,1471.3,3,1.17082308863131,0.586621394840573,2.74769705300803,2.81444542241556,0.412317814177939,0.497009447427445,0.041,"#B19E6B",529.375,0.122786304604486,1.29166666666667,1.38333333333333,0.025,51.2,0.150442477876106,14,3.22676323659349,2.80129516720726,8.35995378236933
"69","11/02/2019","Site 3","Mutmelachel","Lagoon",19,"Porites","Porites cf. rus","Porites cf. rus",2,"IMG_1538","IMG_1539",3,"s3_prus_3","blue",7344.8,3222.9,3096,9.8,1.33427731183967,0.438800239625313,3.19734274787186,1.34229341085271,0.26515523255814,0.318556201550388,0.025,"#CAB98C",984.375,0.0436825396825397,3.275,5.70833333333333,0.025,115.2,1.07216494845361,16.25,1.60744864341085,1.54910016854257,2.42248062015504
"70","11/02/2019","Site 3","Mutmelachel","Lagoon",23,"Acropora","Acropora cf. muricata","Acropora cf. muricata",1,"IMG_1532","IMG_1533",1,"s3_stag_1","blue",1520.55,1441.8,1408.9,2.4,1.57837624543751,0.948209529446582,3.64256529671359,1.6498776705231,0.554908865072041,0.268826744268578,0.03,"#E6BE8F",281.4375,0.32,0.808333333333333,5.325,0.1,76.8,1.33333333333333,16.775,2.20478653559514,3.87809492871771,6.38796224004543
"71","11/02/2019","Site 3","Mutmelachel","Lagoon",24,"Acropora","Acropora cf. muricata","Acropora cf. muricata",2,"IMG_1534","IMG_1535",2,"s3_stag_2","blue",1212.1,1500.6,1474.2,1.5,1.23752165662899,1.23801666529164,3.38629434280653,2.93780993080993,1.0577847985348,0.52316510649844,0.027,"#D6CEB8",273.75,0.149771689497717,0.783333333333333,5,0.1,56.32,1.53932584269663,17.75,3.99559472934472,3.44555793936358,5.49450549450549
"72","11/02/2019","Site 3","Mutmelachel","Lagoon",22,"Acropora","Acropora cf. muricata","Acropora cf. muricata",1,"IMG_1528","IMG_1529",3,"s3_stag_3","blue",1578.9,2072.2,2030.8,2.4,1.52004560136804,1.31243270631452,6.90368288425475,2.15626218731534,0.67853875320071,0.404397281859366,0.041,"#C2B79E",607.5,0.1728,0.858333333333333,8.675,0.1,30.72,1.75342465753425,28.3,2.83480094051605,5.09923396020392,6.05672641323616
"73","11/02/2019","Site 3","Mutmelachel","Lagoon",15,"Acropora","Acropora cf. tenuis","Acropora cf. tenuis",1,"IMG_1530","IMG_1531",1,"s3_ten_1","blue",965.7,1103.7,1079.9,1.6,1.65682924303614,1.14290152221187,3.6589492347891,4.3574283266969,1.27855255116215,1.01051023242893,0.021,"#99876B",518.125,1,0.575,2.48333333333333,0.1,43.52,1.51898734177215,13,5.63598087785905,5.08234452466307,5.83387350680619
"74","11/02/2019","Site 3","Mutmelachel","Lagoon",12,"Acropora","Acropora cf. tenuis","Acropora cf. tenuis",2,"IMG_1509","IMG_1510",2,"s3_ten_2","blue",955.4,1128.5,1089,1.5,1.5700230270044,1.18118065731631,4.23445730160878,5.27717630853994,2.1663326446281,1.06978879706152,0.035,"#93886D",766.875,0.533333333333333,0.833333333333333,2.30833333333333,0.1,28.4444444444444,1.60426179604262,9.9,7.44350895316804,5.83258581488813,9.64187327823691
"75","11/02/2019","Site 3","Mutmelachel","Lagoon",13,"Acropora","Acropora cf. tenuis","Acropora cf. tenuis",1,"IMG_1517","IMG_1518",3,"s3_ten_3","blue",1025.2,1210.1,1182.5,1.3,1.26804525946157,1.18035505267265,3.0359755141347,3.73460739957716,1.09937378435518,0.937783147085473,0.021,"#DCC09A",75.1875,0.758104738154613,0.658333333333333,1.75,0.125,38.4,1.8125,5,4.83398118393234,3.85113173040342,5.3276955602537
"76","11/02/2019","Site 3","Mutmelachel","Lagoon",14,"Acropora","Acropora cf. tenuis","Acropora cf. tenuis",1,"IMG_1519","IMG_1520",4,"s3_ten_4","blue",837.7,904.4,851.4,1.2,1.43249373283992,1.07962277665035,1.80935199061928,2.04100035236082,0.52466913319239,0.393469579516091,0.029,"#C5B790",83,0.72289156626506,0.741666666666667,2.7,0.175,25.6,1.27762039660057,10.175,2.56566948555321,3.18772373259211,10.2184637068358
"77","12/02/2019","Site 4a","Venture Lake outside","Inner",12,"Anacropora","Anacropora spinosa","Anacropora spinosa",2,"IMG_1681","IMG_1682",1,"s4a_anac_1","yellow",354.5,579.7,570.6,0.4,1.12834978843441,1.63526093088858,1.71968101899566,5.3418835436383,2.04954652996845,1.04276200490712,0.032,"#986D35",483.75,0.622222222222222,0.291666666666667,3,0.025,43.52,1.66071428571429,10.525,7.39143007360675,4.52071771555116,16.8243953732913
"78","12/02/2019","Site 4a","Venture Lake outside","Inner",11,"Anacropora","Anacropora spinosa","Anacropora spinosa",2,"IMG_1679","IMG_1680",2,"s4a_anac_2","yellow",327.9,526.2,517.7,0.3,0.914913083257091,1.60475754803294,1.72674501533536,8.0221340061812,2.38234711222716,1.21209194514197,0.032,"#4D3E24",1296.25,0.47,0.266666666666667,4.25,0.025,33.28,2.43243243243243,13.4,10.4044811184084,5.0031244408017,18.5435580451999
"79","12/02/2019","Site 4a","Venture Lake outside","Inner",4,"Isopora","Isopora cf. brueggemanni","Isopora cf. brueggemanni",3,"IMG_1687","IMG_1688",1,"s4a_brug_1","yellow",2233.73,1655.3,1579.4,3.1,1.38781320929566,0.741047485595842,2.63894070529838,3.74360382107129,0.82388976826643,0.804894263644422,0.05,"#7A492D",356.25,0.177777777777778,1.175,4.75,0.125,30.72,1.75,17.75,4.56749358933772,2.50627520447484,9.49727744713182
"80","12/02/2019","Site 4a","Venture Lake outside","Inner",5,"Isopora","Isopora cf. brueggemanni","Isopora cf. brueggemanni",3,"IMG_1689","IMG_1690",2,"s4a_brug_2","yellow",2566.4,1894.2,1844.9,3.3,1.28584788029925,0.738076683291771,3.37670795795796,3.86744847959239,0.903574340072633,0.941107919128408,0.039,"#77482B",234.375,0.1792,1.18333333333333,3.75,0.15,14.2222222222222,1.62666666666667,9.85,4.77102281966502,2.74543982705672,6.34180714401865
"81","12/02/2019","Site 4a","Venture Lake outside","Inner",3,"Isopora","Isopora cf. brueggemanni","Isopora cf. brueggemanni",3,"IMG_1685","IMG_1686",3,"s4a_brug_3","yellow",4253.9,2692.6,2604.2,6,1.41047039187569,0.632972096194081,3.22929400123578,3.59592084901313,1.2810941171953,0.971027570847093,0.034,"#9B6639",1136.875,0.2304,1.08333333333333,3.33333333333333,0.15,19.5555555555556,1.64179104477612,12.8,4.87701496620843,1.86004953607775,3.91674986560172
"82","12/02/2019","Site 4a","Venture Lake outside","Inner",14,"Acropora","Acropora cf. subglabra","Acropora cf. subglabra",1,"IMG_1653","IMG_1654",1,"s4a_card_1","yellow",1479.6,1709.5,1671.2,2.7,1.82481751824818,1.15537983238713,5.14793830256941,4.255395030517,1.77864600287219,0.762924844423169,0.037,"#6E422B",350.625,0.57,0.475,1.5,0.1,28.16,2.55172413793103,16.25,6.03404103338919,4.62057650422099,6.64193393968406
"83","12/02/2019","Site 4a","Venture Lake outside","Inner",13,"Acropora","Acropora cf. subglabra","Acropora cf. subglabra",1,"IMG_1651","IMG_1652",2,"s4a_card_2","yellow",1577.4,2338.2,2305.3,2.2,1.39470013947001,1.48231266641308,7.69431601175668,3.23403617750401,1.15833314536069,0.850214722595757,0.035,"#9C6841",969.375,0.3,0.533333333333333,1.83333333333333,0.025,7.68,2.95833333333333,20.1,4.3923693228647,5.00649547461719,4.55472172819156
"84","12/02/2019","Site 4a","Venture Lake outside","Inner",15,"Acropora","Acropora cf. subglabra","Acropora cf. subglabra",1,"IMG_1655","IMG_1656",3,"s4a_card_3","yellow",2584.6,3029.7,2975.7,4.6,1.77977249864583,1.17221233459723,7.43540178253952,3.63873994354269,1.3102503780623,0.703195886682125,0.06,"#996A3C",240.625,1.03111111111111,0.433333333333333,2,0.025,43.52,2.44444444444444,12.75,4.948990321605,3.74806017871737,6.04899687468495
"85","12/02/2019","Site 4a","Venture Lake outside","Inner",16,"Goniastrea","Goniastrea spp.","Goniastrea cf. favulus",1,"IMG_1700",NA,1,"s4a_goni_1","yellow",11543.1,3862.9,2441.9,18.6,1.61135223640097,0.334650137311467,1.84073643956456,9.47715608747287,2.45678438920513,1.54695114460052,0.059,"#7B4326",119.375,0.00837696335078534,5.75,13.25,0.475,2.4,0.52,13.25,11.933940476678,1.13071979169779,7.24845407264835
"86","12/02/2019","Site 4a","Venture Lake outside","Inner",17,"Goniastrea","Goniastrea spp.","Goniastrea cf. favulus",1,"IMG_1701","IMG_1702",2,"s4a_goni_2","red",34625.4,8015.7,5206,60.6,1.75016028695697,0.231497686669324,5.15930239972984,3.11303218882059,1.21908371110257,0.502497118709182,0.046,"#9D886E",116.875,0.0598930481283422,3.5,6,0.3,8.32,1.41463414634146,18.75,4.33211589992317,1.48654506331056,2.65078755282366
"87","12/02/2019","Site 4a","Venture Lake outside","Inner",5,"Porites","Porites cf. cylindrica","Porites cf. cylindrica",1,"IMG_1661","IMG_1662",1,"s4a_pcyl_1","yellow",5379.65,2127.1,1980.45,6.9,1.28261132229792,0.395397470095638,2.44159041854354,7.54394940543816,2.89393592365371,1.34944078366028,0.033,"#463E27",1145.625,0.2048,1.525,6.25,0.1,78.2222222222222,1.53846153846154,17.5,10.4378853290919,1.84926942251272,4.99886389456942
"88","12/02/2019","Site 4a","Venture Lake outside","Inner",3,"Porites","Porites cf. cylindrica","Porites cf. cylindrica",1,"IMG_1664","IMG_1665",2,"s4a_pcyl_2","yellow",2514.7,1456.4,1400.7,2.8,1.11345289696584,0.579154571121804,1.65622965990746,12.2753198757764,4.74543456843007,2.24441350753195,0.041,"#81633E",553.125,0.32,0.883333333333333,8.41666666666667,0.075,87.04,2.26315789473684,23.55,17.0207544442065,1.77364495599428,8.78132362390233
"89","12/02/2019","Site 4a","Venture Lake outside","Inner",6,"Porites","Porites cf. cylindrica","Porites cf. cylindrica",1,"IMG_1663",NA,3,"s4a_pcyl_3","yellow",2144.9,1204.8,1119.7,2.7,1.25879994405334,0.561704508368689,2.62498625916397,6.99774448512993,2.6495061177101,0.837277842279182,0.031,"#BD9963",1168.75,0.2304,0.775,5.16666666666667,0.075,76.8,1.70212765957447,11.25,9.64725060284004,3.5165485297365,8.30579619540949
"90","12/02/2019","Site 4a","Venture Lake outside","Inner",9,"Pocillopora","Pocillopora cf. damicornis","Pocillopora cf. damicornis",2,"IMG_1668","IMG_1670",1,"s4a_pdam_1","yellow",1583.3,2140.9,2089.3,4,2.52636897618897,1.35217583528074,6.49283716215029,NA,NA,1.26896568228593,0.057,"#40311F",183.75,0.64,0.416666666666667,2.08333333333333,0.075,69.12,1.875,11.725,NA,4.66149224296436,8.18455942181592
"91","12/02/2019","Site 4a","Venture Lake outside","Inner",10,"Pocillopora","Pocillopora cf. damicornis","Pocillopora cf. damicornis",2,"IMG_1673","IMG_1674",2,"s4a_pdam_2","yellow",2345.6,2606.3,2573.6,6.2,2.64324693042292,1.11114427012278,5.92701337315262,4.11123250505129,1.22616991762512,0.752593643145788,0.038,"#442E16",228.75,0.54207650273224,0.458333333333333,1.75,0.05,87.1111111111111,2.11494252873563,8.325,5.33740242267641,3.45450732815081,4.42959278831209
"92","12/02/2019","Site 4a","Venture Lake outside","Inner",7,"Pocillopora","Pocillopora cf. damicornis","Pocillopora cf. damicornis",1,"IMG_1657","IMG_1658",3,"s4a_pdam_3","yellow",2593.3,3147.3,3095.2,6.9,2.66070257972468,1.21362742451702,5.40709342154655,5.3801107763634,1.57703831739468,1.20307249935384,0.053,"#846D49",548.125,0.224,0.45,1.775,0.05,69.12,1.64345403899721,16.25,6.95714909375808,2.62039290912375,5.13698630136986
"93","12/02/2019","Site 4a","Venture Lake outside","Inner",8,"Pocillopora","Pocillopora cf. damicornis","Pocillopora cf. damicornis",1,"IMG_1659","IMG_1660",4,"s4a_pdam_4","yellow",1656.3,1842.2,1799.9,4,2.41502143331522,1.11223812111332,4.76124707230961,4.66241789821657,1.26827095949775,1.09728318239902,0.032,"#916A3A",121.875,0.385641025641026,0.641666666666667,1.49166666666667,0.075,66.56,4.11764705882353,7.5,5.93068885771432,3.96792633394323,5.33362964609145
"94","12/02/2019","Site 4a","Venture Lake outside","Inner",7,"Porites","Porites cf. rus","Porites cf. rus",2,"IMG_1677","IMG_1678",3,"s4a_prus_3","yellow",3172.1,1841.7,1801.8,3.3,1.04032029255068,0.580593297815327,3.0785360640934,10.3116462703963,3.0012087912088,1.38195138195138,0.052,"#76643E",2770.625,0.151111111111111,0.966666666666667,4.58333333333333,0.025,48.64,1.125,25.25,13.3128550616051,2.56288383624159,8.65800865800866
"95","12/02/2019","Site 4b","Venture Lake","Inner",24,"Acropora","Acropora cf. subglabra","Acropora cf. subglabra",1,"IMG_1720","IMG_1721",1,"s4b_card_1","yellow",3671.5,4448.8,4416.5,6.3,1.71591992373689,1.21171183440011,11.1807946244309,2.18581708366353,0.67739677346315,0.753990716630816,0.03,"#9A6643",486.875,0.213333333333333,0.616666666666667,2.33333333333333,0.075,28.4444444444444,1.61290322580645,16.175,2.86321385712668,3.79739430242191,2.03781274765085
"96","12/02/2019","Site 4b","Venture Lake","Inner",25,"Acropora","Acropora cf. subglabra","Acropora cf. subglabra",1,"IMG_1722","IMG_1723",2,"s4b_card_2","yellow",715.9,902.5,881,1.3,1.81589607487079,1.26065092890068,2.92908916673616,3.18957011918276,1.32376004540295,0.68955732122588,0.036,"#744731",210.625,0.346587537091988,0.625,2.29166666666667,0.075,10.6666666666667,2,12.3,4.51333016458571,4.98709846776872,12.2587968217934
"97","12/02/2019","Site 4b","Venture Lake","Inner",36,"Goniastrea","Goniastrea spp.","Goniastrea cf. stelligera",2,"IMG_1752","IMG_1753",1,"s4b_goni_1","yellow",37096.3,7899.2,5932,62.7,1.69019551815141,0.212937678420759,3.64581691066066,4.93346466200268,1.63449224544842,0.682948415374241,0.026,"#673C26",233.75,0.0342245989304813,4.58333333333333,3.83333333333333,0.375,3.2,0.888888888888889,7.75,6.5679569074511,0.921902455494098,1.31490222521915
"98","12/02/2019","Site 4b","Venture Lake","Inner",37,"Goniastrea","Goniastrea spp.","Goniastrea cf. favulus",1,"IMG_1754","IMG_1755",2,"s4b_goni_2","yellow",23918.6,6054.8,4357.2,37.8,1.58036005451824,0.253141906298864,5.84414437077048,1.76315439961443,1.42786047232167,0.81875975397044,0.078,"#956D40",570,0.0263157894736842,5.16666666666667,6.16666666666667,0.4,4.48,1,21.25,3.19101487193611,2.01189216840074,5.370421371523
"99","12/02/2019","Site 4b","Venture Lake","Inner",38,"Lobophyllia","Lobophyllia cf. hemprichii","Lobophyllia cf. hemprichii",1,"IMG_1760",NA,1,"s4b_lobo_1","yellow",9115,4427.6,3294.2,17.4,1.90894130554032,0.485748765770708,12.2121845431867,10.3923378210187,3.2788084360391,1.60547325602574,0.064,"#877B69",125.625,0.00796019900497512,17,5,3,0.16,1,5,13.6711462570578,5.5607664424686,5.82842571792848
"100","12/02/2019","Site 4b","Venture Lake","Inner",36,"Lobophyllia","Lobophyllia cf. hemprichii","Lobophyllia cf. hemprichii",1,"IMG_1762","IMG_1763",2,"s4b_lobo_2","yellow",16628.7,5775.7,3511.8,26.2,1.57558919217979,0.347333225086748,11.5640000514196,4.84624542969418,1.62077383393132,0.910145794179623,0.053,"#323711",933.75,0.00107095046854083,37.25,11,3.25,0.12,0.785714285714286,11,6.46701926362549,4.93934736520571,4.52759268751068
"101","12/02/2019","Site 4b","Venture Lake","Inner",19,"Porites","Porites cf. cylindrica","Porites cf. cylindrica",2,"IMG_1744","IMG_1745",1,"s4b_pcyl_1","yellow",10744.55,3103.885,2946,12.4,1.15407346049858,0.288879943785454,0.742826811186186,9.4470952393075,3.741483299389,1.85208757637475,0.054,"#3D3823",461.875,0.0779431664411367,2.18333333333333,6.25,0.15,71.68,1.71428571428571,16.75,13.1885785386965,0.378221390624331,5.4989816700611
"102","12/02/2019","Site 4b","Venture Lake","Inner",20,"Porites","Porites cf. cylindrica","Porites cf. cylindrica",2,"IMG_1750","IMG_1751",2,"s4b_pcyl_2","yellow",1618,1024.95,952.54,1.8,1.11248454882571,0.633467243510507,0.388644894894895,9.72606659562853,3.9549639910135,1.47434753396183,0.037,"#3E2E19",399.375,0.15139146567718,1.15833333333333,5.41666666666667,0.1,76.8,2.28125,13.25,13.681030586642,0.612013503204424,11.653053939992
"103","12/02/2019","Site 4b","Venture Lake","Inner",18,"Porites","Porites cf. cylindrica","Porites cf. cylindrica",1,"IMG_1734","IMG_1735",3,"s4b_pcyl_3","yellow",3605,1705.005,1635.9,4.25,1.17891816920943,0.472955617198336,1.25628401839339,14.7684579589217,5.73323766733908,2.61935326120179,0.019,"#443D26",3141.875,0.4,0.858333333333333,5,0.1,66.56,1.03448275862069,24.5,20.5016956262608,1.15192006087786,3.48432055749129
"104","12/02/2019","Site 4b","Venture Lake","Inner",40,"Porites","Porites cf. cylindrica","Porites cf. cylindrica",1,"IMG_1758","IMG_1759",4,"s4b_pcyl_4","yellow",9956.2,3796.6,3510.4,10.3,1.03453124686125,0.381330226391595,2.93648931963448,5.87529331415223,2.44639659298086,0.94220031905196,0.032,"#856944",1055,0.0218009478672986,3.75,15,0.1,89.6,2.22222222222222,39.5,8.32168990713309,1.25476697226861,2.73473108477666
"105","12/02/2019","Site 4b","Venture Lake","Inner",21,"Porites","Porites cf. rus","Porites cf. rus",1,"IMG_1727","IMG_1728",1,"s4b_prus_1","yellow",2273.4,1407.4,1185.2,2.5,1.09967449634908,0.619072754464678,2.97520524572242,12.0922543030712,3.86942705872427,1.47654404319946,0.05,"#5D4A30",633.75,0.266666666666667,1.08333333333333,3.41666666666667,0.05,56.32,1.07692307692308,11.25,15.9616813617955,3.76544707102905,12.6560917988525
"106","12/02/2019","Site 4b","Venture Lake","Inner",22,"Porites","Porites cf. rus","Porites cf. rus",1,"IMG_1730","IMG_1731",3,"s4b_prus_3","yellow",1180.55,898.8,664.8,1.2,1.01647537164881,0.761340053364957,1.87812496646225,9.08776658393501,1.97358354016245,1.47224729241877,0.036,"#64431F",323.125,0.151644100580271,1.58333333333333,2.16666666666667,0.025,66.56,1.24528301886792,14.5,11.0613501240975,4.237646584978,16.2454873646209
"107","12/02/2019","Site 4b","Venture Lake","Inner",39,"Porites","Porites cf. rus","Porites cf. rus",1,"IMG_1756","IMG_1757",4,"s4b_prus_4","yellow",897.3,755.7,704.3,0.9,1.00300902708124,0.842193246405884,1.59429950913036,7.01854994320602,1.17628118344456,0.945974726678972,0.039,"#8A683D",813.125,0.19,0.983333333333333,2.75,0.025,107.52,1.16666666666667,16.75,8.19483112665058,3.39549803165631,16.6122391026551
"108","13/02/2019","Site 5","Falcon Reef","Lagoon",25,"Acropora","Acropora cf. subglabra","Acropora cf. subglabra",1,"IMG_1842","IMG_1843",1,"s5_card_1","no colour",1179.9,2072.5,2051.7,2.3,1.94931773879142,1.7565047885414,4.46064464316458,0.829728213189063,-0.276335630209095,0.23578008480772,0.033,"#BD9875",331.875,0.141619585687382,0.883333333333333,4.66666666666667,0.075,20.48,2.33333333333333,18.25,0.553392582979968,3.26118192949596,4.82526685187893
"109","13/02/2019","Site 5","Falcon Reef","Lagoon",23,"Acropora","Acropora cf. subglabra","Acropora cf. subglabra",1,"IMG_1838","IMG_1839",2,"s5_card_2","no colour",1800.5,2434.6,2402.2,3.6,1.99944459872258,1.35217995001388,4.73226877536883,1.76206536716343,0.214148962409458,0.326783781533594,0.032,"#864125",185.625,0.8,0.675,1.25,0.075,33.28,1.39473684210526,5,1.97621432957289,2.95495927193957,3.99633669136625
"110","13/02/2019","Site 5","Falcon Reef","Lagoon",24,"Acropora","Acropora cf. subglabra","Acropora cf. subglabra",1,"IMG_1840","IMG_1841",3,"s5_card_3","no colour",1538.9,2655.3,2629.3,2.7,1.75449996750926,1.72545324582494,4.53643149251743,0.883166460654927,-0.100902526337808,0.322804548739208,0.035,"#866A49",733.75,0.32,0.475,1.58333333333333,0.05,12.8,1.5,8,0.782263934317119,2.58800716493977,3.99345833491804
"111","13/02/2019","Site 5","Falcon Reef","Lagoon",7,"Porites","Porites cf. cylindrica","Porites cf. cylindrica",1,"IMG_1816","IMG_1817",1,"s5_pcyl_1","no colour",2654.5,1388.3,1298.6,3.1,1.16782821623658,0.522998681484272,3.32501662692031,5.37525017326351,1.34444473856461,0.965462806098876,0.051,"#86733E",841.875,0.256,0.941666666666667,2.33333333333333,0.1,92.16,1.1,7,6.71969491182812,3.84069377820766,11.7819189896812
"112","13/02/2019","Site 5","Falcon Reef","Lagoon",8,"Porites","Porites cf. cylindrica","Porites cf. cylindrica",1,"IMG_1818","IMG_1819",3,"s5_pcyl_3","no colour",3244.6,1509.5,1388.3,3.6,1.10953584417185,0.465234543549282,6.80903640003123,5.77289532161637,1.25891341028596,1.08971918379107,0.05,"#BCB392",12650,0.217777777777778,1.11666666666667,3.58333333333333,0.125,46.08,0.780487804878049,45,7.03180873190233,7.35687862857224,10.8045811424044
"113","13/02/2019","Site 5","Falcon Reef","Lagoon",10,"Porites","Porites cf. cylindrica","Porites cf. cylindrica",1,"IMG_1822","IMG_1823",4,"s5_pcyl_4","no colour",11915,3564,3179.3,14.1,1.18338229122954,0.299118757868233,8.98031969326022,7.62258847073255,2.28751911977479,1.1178336650925,0.056,"#999469",420.625,0.17,1.55,7.08333333333333,0.1,74.24,1.54545454545455,18.75,9.91010759050734,4.23693251341186,5.2841820526531
"114","13/02/2019","Site 5","Falcon Reef","Lagoon",6,"Porites","Porites cf. cylindrica","Porites cf. cylindrica",1,"IMG_1814","IMG_1815",5,"s5_pcyl_5","no colour",2844.4,1416,1303.8,4,1.40627197299958,0.497820278441851,3.8669379327912,NA,NA,0.516758705322902,0.018,"#8A8166",6718.75,0.151111111111111,1.09166666666667,7.5,0.125,51.2,0.925925925925926,25,NA,4.44884713850805,4.14173953060285
"115","13/02/2019","Site 5","Falcon Reef","Lagoon",15,"Pocillopora","Pocillopora cf. damicornis","Pocillopora cf. damicornis",1,"IMG_1832","IMG_1833",1,"s5_pdam_1","no colour",1759.31,1617.9,1577.1,3.9,2.21677816871387,0.91962189722107,4.57852144141153,2.04726474224843,-0.0723105145520257,0.683216029421089,0.036,"#9B8770",156.25,0.2112,1.24166666666667,2.58333333333333,0.075,81.92,1.43333333333333,16.25,1.9749542276964,4.35469035705871,6.84801217424387
"116","13/02/2019","Site 5","Falcon Reef","Lagoon",14,"Pocillopora","Pocillopora cf. damicornis","Pocillopora cf. damicornis",1,"IMG_1830","IMG_1831",2,"s5_pdam_2","no colour",2598.5,3559.8,3522.8,6.6,2.53992688089282,1.3699441985761,8.33111576909424,1.67118583938912,0.281943081497672,0.338509140456455,0.046,"#B98C7A",135.625,0.250691244239631,1.01666666666667,2.33333333333333,0.075,69.12,2.28,7,1.95312892088679,3.54736960759662,3.91733848075395
"117","13/02/2019","Site 5","Falcon Reef","Lagoon",22,"Pocillopora","Pocillopora cf. damicornis","Pocillopora cf. damicornis",1,"IMG_1836","IMG_1837",3,"s5_pdam_3","no colour",1683.3,2124.1,2091.4,4.4,2.61391314679499,1.26186657161528,4.20555706852527,0.826068124223008,-0.266252062015875,0.285096107870326,0.033,"#BC9580",222.5,0.444444444444444,0.566666666666667,2.375,0.05,97.28,1.77777777777778,14.25,0.559816062207134,3.01632189097633,4.73367122501674
"118","13/02/2019","Site 5","Falcon Reef","Lagoon",21,"Pocillopora","Pocillopora cf. damicornis","Pocillopora cf. damicornis",1,"IMG_1834","IMG_1835",4,"s5_pdam_4","no colour",4226.1,3902.7,3841.2,10.2,2.41357279761482,0.923475544828565,7.25544732661399,2.60814532567948,0.463820612699156,0.555490471727585,0.042,"#7B4016",261.25,0.145454545454545,1.66666666666667,2.25,0.075,55.1111111111111,1.36842105263158,10.25,3.07196593837863,2.83327371392299,3.28022492970947
"119","13/02/2019","Site 5","Falcon Reef","Lagoon",2,"Porites","Porites cf. rus","Porites cf. rus",1,"IMG_1806","IMG_1807",1,"s5_prus_1","no colour",3225.7,1906.3,1742.6,3.9,1.20903989831664,0.590972502092569,3.13084858556493,2.10983465798233,0.203562313497073,0.50294305717237,0.088,"#C1BE92",15012.5,0.12,1.58333333333333,5.25,0.025,64,1,88.75,2.3133969714794,2.69498041911362,15.149776196488
"120","13/02/2019","Site 5","Falcon Reef","Lagoon",3,"Porites","Porites cf. rus","Porites cf. rus",1,"IMG_1808","IMG_1809",3,"s5_prus_3","no colour",4491.8,2251.4,2096.6,5.5,1.22445344850617,0.501224453448506,2.89183845212511,1.92970793188972,0.374150338643519,0.391109415243728,0.038,"#BBB696",13550,0.115555555555556,1.66666666666667,3.58333333333333,0.025,56.32,0.482142857142857,115.5,2.30385827053324,2.06894862071338,5.43737479729085
"121","13/02/2019","Site 5","Falcon Reef","Lagoon",1,"Porites","Porites cf. rus","Porites cf. rus",1,"IMG_1804","IMG_1805",4,"s5_prus_4","no colour",1583.95,1157.6,1027.8,2,1.26266611951135,0.730831149973168,2.62997620372507,2.44404057209574,-0.00121584938704005,0.609311150029189,0.035,"#8B6C46",678.75,0.26,1.65,3.58333333333333,0.025,64,1.14285714285714,18.25,2.4428247227087,3.83826065926017,10.2159953298307
"122","13/02/2019","Site 5","Falcon Reef","Lagoon",13,"Acropora","Acropora cf. muricata","Acropora cf. muricata",1,"IMG_1828","IMG_1829",1,"s5_stag_1","no colour",1011.7,1762.3,1742.4,1.4,1.38380942967283,1.74191954136602,5.23891708148092,0.906086647727273,-0.299390818698347,0.290547520661157,0.047,"#7A482C",256.25,0.124878048780488,0.575,8.75,0.125,16,2.41379310344828,15,0.606695829028926,4.51008701918123,8.09228650137741
"123","13/02/2019","Site 5","Falcon Reef","Lagoon",12,"Acropora","Acropora cf. muricata","Acropora cf. muricata",1,"IMG_1826","IMG_1827",2,"s5_stag_2","no colour",590.1,1075.1,1057.9,0.8,1.35570242331808,1.82189459413659,3.35899478403659,1.27975231590888,-0.562829343510729,0.496266187730409,0.03,"#8E8170",3090,0.2688,0.95,5.16666666666667,0.125,23.04,1.35,15.5,0.716922972398148,4.7627301030862,8.50742036109273
"124","13/02/2019","Site 5","Falcon Reef","Lagoon",11,"Acropora","Acropora cf. muricata","Acropora cf. muricata",1,"IMG_1824","IMG_1825",3,"s5_stag_3","no colour",778.2,1247.8,1233.9,1,1.28501670521717,1.60344384476998,3.99500881732856,1.52303592268417,-0.311852024070022,0.87223437879893,0.037,"#8E8374",256.875,0.194647201946472,0.683333333333333,6.25,0.15,23.04,2.28571428571429,18,1.21118389861415,4.85656311369871,8.99586676391928
"125","15/02/2019","Site 6","Eastern Barrier","Outer",NA,"Acropora","Acropora cf. hyacinthus","Acropora cf. hyacinthus",1,"IMG_1893","IMG_1894",1,"s6_hya_1","red",691,795,773.8,1,1.44717800289436,1.15050651230101,4.4579911945104,5.78813285086586,1.85340275264926,1.08312871543034,0.033,"#643F37",322.5,2.04,0.416666666666667,0.733333333333333,0.1,71.68,2.94444444444444,5.25,7.64153560351512,8.64175082936883,12.7940036185061
"126","15/02/2019","Site 6","Eastern Barrier","Outer",NA,"Acropora","Acropora cf. hyacinthus","Acropora cf. hyacinthus",1,"IMG_1895","IMG_1896",2,"s6_hya_2","red",700.1,833.9,799.8,1,1.42836737608913,1.19111555492073,3.40083140144573,5.59481179669916,1.97102700675169,1.19326706676669,0.039,"#3D2523",488.125,1,0.741666666666667,2,0.125,35.84,2.1063829787234,9.25,7.56583880345085,6.37815341606476,14.6286571642911
"127","15/02/2019","Site 6","Eastern Barrier","Outer",NA,"Acropora","Acropora cf. hyacinthus","Acropora cf. hyacinthus",1,"IMG_1897","IMG_1898",3,"s6_hya_3","red",647.1,869.7,852.9,0.8,1.23628496368413,1.34399629114511,3.60475248025465,5.59677172001407,2.15909620119592,1.19591980302497,0.038,"#452424",348.125,1.44,0.483333333333333,1.175,0.1,66.56,2.27272727272727,9.5,7.75586792120999,6.3396983472646,13.3661625043968
"128","15/02/2019","Site 6","Eastern Barrier","Outer",NA,"Acropora","Acropora cf. hyacinthus","Acropora cf. hyacinthus",1,"IMG_1899","IMG_1900",4,"s6_hya_4","red",573.3,731.4,713.3,0.8,1.39542996685854,1.27577184720042,3.16217563131792,3.78915961026215,1.286648605075,0.730758446656386,0.027,"#452320",290.625,1.16,0.458333333333333,1.16666666666667,0.125,84.48,1.72727272727273,10.5,5.07580821533715,6.64974547452247,11.3556708257395
"129","15/02/2019","Site 6","Eastern Barrier","Outer",NA,"Acropora","Acropora cf. humilis","Acropora cf. humilis",2,"IMG_1911","IMG_1912",1,"s6_hum_1","red",2677.8,2012.5,1840,5.2,1.94189259840167,0.751549779669878,5.14509206526214,4.15580808423913,1.26141358695652,0.437160326086957,0.022,"#683D2A",300,0.163333333333333,1.9,3,0.175,28.16,1.41860465116279,10.5,5.41722167119565,4.1943685314637,3.58695652173913
"130","15/02/2019","Site 6","Eastern Barrier","Outer",NA,"Acropora","Acropora cf. humilis","Acropora cf. humilis",2,"IMG_1913","IMG_1914",2,"s6_hum_2","red",5091.3,3170.8,2994.9,9.5,1.86592815194548,0.622787893072496,9.02179623061826,4.02507645497345,1.47588280076129,0.553440849444055,0.032,"#86736C",166.25,0.234586466165414,1.54166666666667,3.41666666666667,0.15,23.04,1.56410256410256,9.5,5.50095925573475,4.51857970080049,3.20544926374837
"131","15/02/2019","Site 6","Eastern Barrier","Outer",NA,"Pocillopora","Pocillopora cf. damicornis","Pocillopora cf. damicornis",2,"IMG_1901","IMG_1902",1,"s6_pdam_1","red",5951.5,4614.6,4510.8,12.8,2.15071830630933,0.775367554398051,10.7550754534499,2.22829603950519,0.741672785315243,0.488826815642458,0.032,"#977962",53.75,0.465116279069767,1.64166666666667,2.20833333333333,0.05,64,1.54545454545455,9.25,2.96996882482043,3.57644169109135,2.12822559191274
"132","15/02/2019","Site 6","Eastern Barrier","Outer",NA,"Pocillopora","Pocillopora cf. damicornis","Pocillopora cf. damicornis",2,"IMG_1903","IMG_1904",2,"s6_pdam_2","red",4485.4,4218.3,4144.8,10.8,2.4078120123066,0.940451241806751,6.83518435078001,3.28781771134916,1.0864796612623,0.519325419803127,0.047,"#69452E",78.125,0.3584,1.75,1.79166666666667,0.05,71.68,1.33333333333333,5.5,4.37429737261147,2.4736480713593,3.40185292414592
"133","15/02/2019","Site 6","Eastern Barrier","Outer",NA,"Goniastrea","Goniastrea spp.","Goniastrea cf. retiformis",2,"IMG_1905","IMG_1906",3,"s6_goni_3","red",22978.6,5639.7,2528.5,38.8,1.68852758653704,0.245432706953426,2.28732050836438,2.25994956495947,0.656304488827368,0.42490607079296,0.036,"#939080",1552.5,0.0676056338028169,8.66666666666667,9.16666666666667,0.25,6.4,0.961538461538462,31.225,2.91625405378683,1.35692337850369,4.2713070990706
"134","15/02/2019","Site 6","Eastern Barrier","Outer",NA,"Goniastrea","Goniastrea spp.","Goniastrea cf. retiformis",2,"IMG_1907","IMG_1908",2,"s6_goni_2","red",50090.5,9817.5,3972.2,79.9,1.59511284574919,0.195995248600034,3.70712828199107,1.67659722571874,0.54488211822164,0.159546347112431,0.032,"#988D7F",448.75,0.0178272980501393,6.66666666666667,8.25,0.225,14.72,0.344827586206897,20.75,2.22147934394039,1.3999024276186,2.4167967373244
"135","15/02/2019","Site 6","Eastern Barrier","Outer",NA,"Goniastrea","Goniastrea spp.","Goniastrea cf. retiformis",2,"IMG_1909","IMG_1910",1,"s6_goni_1","red",35365.2,7676.1,3319.3,61.3,1.73334238177644,0.2170523565539,3.05275250733691,0.745098416834875,0.232668695206821,0.136135631006537,0.051,"#D0B694",30,0.0333333333333333,6,5,0.25,7.04,0.6,5,0.977767112041696,1.37954651914722,4.60940559756575
"136","18/02/2019","Site 7","Ulong Rock","Outer",NA,"Porites","Porites cf. nigrescens","Porites cf. nigrescens",1,"IMG_2120","IMG_2121",1,"s7_pnig_1","no colour",1024.6,820,767.9,1.5,1.46398594573492,0.800312317001757,1.09855774211147,2.21934884099492,-0.729648277770543,0.538807136345878,0.04,"#332B2D",4498.125,0.711111111111111,0.891666666666667,1.95833333333333,0.075,38.4,0.486486486486487,47.25,1.48970056322438,2.1459000041245,15.6270347701524
"137","18/02/2019","Site 7","Ulong Rock","Outer",NA,"Pocillopora","Pocillopora cf. damicornis","Pocillopora cf. damicornis",1,"IMG_2125","IMG_2126",1,"s7_pdam_1","no colour",1309.2,1358.2,1316.9,3.1,2.36785823403605,1.03742743660251,1.32744484869972,0.710993678335484,-0.683109585010251,0.321778419014352,0.03,"#958773",91.875,0.261224489795918,1.73333333333333,1.95833333333333,0.075,69.12,2,9.5,0.0278840933252329,1.51201099024192,6.83423190826942
"138","18/02/2019","Site 7","Ulong Rock","Outer",NA,"Pocillopora","Pocillopora cf. verrucosa","Pocillopora cf. verrucosa",1,"IMG_2127","IMG_2128",1,"s7_pver_1","no colour",3874.6,2459.3,2333.7,8.1,2.09053837815516,0.63472358437,6.16715959018509,3.64672223293482,0.588637630158118,0.508312979388953,0.022,"#9A8873",169.375,0.14169741697417,2,3.16666666666667,0.05,76.8,1.50847457627119,10,4.23535986309294,3.96397968259744,2.82812700861293
"139","18/02/2019","Site 7","Ulong Rock","Outer",NA,"Pocillopora","Pocillopora cf. verrucosa","Pocillopora cf. verrucosa",1,"IMG_2129","IMG_2130",2,"s7_pver_2","no colour",4003.5,2210.1,2109.9,7.6,1.89833895341576,0.552041963282128,4.47040987457179,1.29211648656334,-0.16306069600455,0.278449215602635,0.043,"#9E8C7A",330.625,0.0967863894139887,2.91666666666667,2.75,0.075,53.76,1.3265306122449,11.75,1.12905579055879,3.178167122545,6.11403384046637
"140","18/02/2019","Site 7","Ulong Rock","Outer",NA,"Pocillopora","Pocillopora cf. damicornis","Pocillopora cf. damicornis",2,"IMG_2131","IMG_2132",2,"s7_pdam_2","no colour",1654.6,1616.5,1580.9,3.8,2.29662758370603,0.976973286594947,2.28652364641421,1.07752285090771,-0.415485364349421,0.194509456638624,0.039,"#724721",60.625,0.34639175257732,1.48333333333333,2.58333333333333,0.05,84.48,1.55555555555556,8.75,0.662037486558289,2.16951449783118,7.40084761844519
"141","18/02/2019","Site 7","Ulong Rock","Outer",NA,"Stylophora","Stylophora cf. pistillata","Stylophora cf. pistillata",2,"IMG_2133","IMG_2134",1,"s7_styl_1","no colour",5597.99,2307.2,2077.2,7.2,1.28617593100381,0.412147931668331,5.35747537692141,1.0853443457539,-0.351533416377816,0.237098016560755,0.017,"#B79272",125.625,0.159203980099502,3.25,3.875,0.025,51.2,1.53125,14.5,0.733810929376083,3.86877193596289,2.45522819179665
"142","18/02/2019","Site 7","Ulong Rock","Outer",NA,"Pocillopora","Pocillopora cf. damicornis","Pocillopora cf. damicornis",2,"IMG_2135","IMG_2136",3,"s7_pdam_3","no colour",1295.4,1265.4,1186.5,3,2.31588698471515,0.976841130152849,1.31663055049365,1.66408501896334,-0.386492256637168,0.513063632532659,0.043,"#966E85",99.375,0.251572327044025,1.75,1.66666666666667,0.05,87.04,1.67741935483871,4.25,1.27759276232617,1.66451397028274,10.8723135271808
"143","18/02/2019","Site 7","Ulong Rock","Outer",NA,"Porites","Porites cf. rus","Porites cf. rus",2,"IMG_2137","IMG_2138",1,"s7_prus_1","no colour",2805.3,1677.3,1583.2,4.2,1.49716607849428,0.597903967490108,1.67198081528663,1.96483514401213,0.232935826174836,0.423193532086913,0.031,"#7E5F4A",80,0.125,1.66666666666667,3.41666666666667,0.05,148.48,0.566666666666667,9.75,2.19777097018696,1.58411522418516,5.87417887822132
"144","18/02/2019","Site 7","Ulong Rock","Outer",NA,"Stylophora","Stylophora cf. pistillata","Stylophora cf. pistillata",1,"IMG_2139","IMG_2140",2,"s7_styl_2","no colour",5467.4,2573.3,2428.1,9.2,1.68270110107181,0.4706624721074,6.85739877810955,1.03594990939418,-0.132550723816976,0.246077179687822,0.033,"#976E41",143.125,0.167685589519651,2.29166666666667,2.79166666666667,0.05,58.88,1.88235294117647,10.25,0.903399185577201,4.23627452212196,4.07726205675219
"145","18/02/2019","Site 7","Ulong Rock","Outer",NA,"Porites","Porites cf. nigrescens","Porites cf. nigrescens",1,"IMG_2152","IMG_2153",2,"s7_pnig_2","no colour",1893.5,1248.1,1181.7,2.4,1.2674940586216,0.659149722735675,1.41114786875497,4.92610224676314,1.17771391850724,0.703435728188203,0.031,"#977D6A",98.75,0.556962025316456,0.916666666666667,1.975,0.075,69.12,1.74074074074074,6.925,6.10381616527037,1.79125142010024,7.87001777100787
"146","18/02/2019","Site 7","Ulong Rock","Outer",NA,"Porites","Porites cf. cylindrica","Porites cf. cylindrica",1,"IMG_2154","IMG_2155",1,"s7_pcyl_1","no colour",3345,1477.05,1268.7,4.45,1.33034379671151,0.441569506726457,1.77117265801414,1.70498729013951,-0.286614300070939,0.387207377630645,0.047,"#948D77",66.25,0.166037735849057,0.883333333333333,4.58333333333333,0.1,51.2,1.65217391304348,10.45,1.41837299006857,2.09407975646032,11.1137384724521
"147","19/02/2019","Site 1","Nikko Bay","Inner",36,"Pocillopora","Pocillopora cf. damicornis","Pocillopora cf. damicornis",1,"IMG_2181","IMG_2182",NA,"s1b_pdam_1","red",1480.3,1568.2,1515.1,3.5,2.36438559751402,1.05937985543471,4.1031059675422,6.24847394561414,2.2459666028645,0.865041911424988,0.043,"#664633",501.875,0.1216,0.766666666666667,4.16666666666667,0.1,38.4,1.82258064516129,10,8.49444054847864,4.06221302310956,8.51428948584252
"148","19/02/2019","Site 1","Nikko Bay","Inner",36,"Isopora","Isopora cf. brueggemanni","Isopora cf. brueggemanni",1,"IMG_2183","IMG_2184",NA,"s1b_brug_1","red",2246.2,1275.1,1177.7,3.4,1.51366752737957,0.567669842400499,2.02895036825182,4.38788076335229,1.71881353485608,0.905897087543517,0.036,"#6E3424",116.875,0.171122994652406,0.883333333333333,3.33333333333333,0.15,10.24,2.35483870967742,11.25,6.10669429820836,2.58421121879743,9.17041691432453
"149","19/02/2019","Site 1","Nikko Bay","Inner",38,"Lobophyllia","Lobophyllia cf. corymbosa","Lobophyllia cf. corymbosa",1,"IMG_2185","IMG_2186",NA,"s1b_lobo_1","red",8483.9,3882.7,1915.1,10.2,1.20227725456453,0.457655087872323,6.57897577807669,7.30549317268028,2.36983050493447,0.718630880893948,0.043,"#70696E",2242.5,0.000891861761426979,27.875,16.375,2.5,0.004352,0.478260869565217,23.25,9.67532367761475,5.15297564989558,6.73594068194872
"150","19/02/2019","Site 1","Nikko Bay","Inner",40,"Lobophyllia","Lobophyllia cf. corymbosa","Lobophyllia cf. corymbosa",1,"IMG_2189","IMG_2190",NA,"s1b_lobo_3","red",4498.2,2077.4,1256.8,6.4,1.42279133875773,0.46182917611489,3.03554638752869,4.33025944859961,1.54122994907702,0.59376989178867,NA,"#806F67",3429.375,0.000291598323309641,65,41.75,2,0.0237037037037037,0.5,41.75,5.87148939767663,3.62294683425607,NA
"151","19/02/2019","Site 1","Nikko Bay","Inner",37,"Lobophyllia","Lobophyllia cf. hemprichii","Lobophyllia cf. hemprichii",1,"IMG_2197","IMG_2198",NA,"s1b_lobo_4","red",10165.6,3984.2,2578,14.2,1.39686786810419,0.391929645077516,7.88090543876112,6.5570172905353,2.91090372381691,1.09532583397983,0.06,"#734634",206.875,0.00483383685800604,13.75,12.25,3.25,0.00248263524429313,0.8,12.25,9.46792101435221,4.58547639958948,6.98215671062839
"152","19/02/2019","Site 1","Nikko Bay","Inner",37,"Lobophyllia","Lobophyllia cf. hemprichii","Lobophyllia cf. hemprichii",1,"IMG_2199","IMG_2200",NA,"s1b_lobo_5","red",11799.9,4919.5,3715,20.7,1.75425215467928,0.416910312799261,10.247786234263,5.19673705921938,2.24652427994616,0.690444145356662,0.084,"#867C7A",1134.375,0.000881542699724518,45,27.5,4,0.006875,0.833333333333333,27.5,7.44326133916555,4.13773333819502,6.78331090174966
"153","19/02/2019","Site 1","Nikko Bay","Inner",38,"Goniastrea","Goniastrea spp.","Goniastrea cf. favulus",1,"IMG_2210","IMG_2211",NA,"s1b_goni_1","red",20900.6,5523.7,4310.2,33.4,1.59804024764839,0.264284278920222,4.30203513683019,5.38541122801726,1.78545784418356,0.428924411860239,0.062,"#73403C",173.125,0.0693140794223827,3.66666666666667,4.5,0.45,3.2,0.630434782608696,18.25,7.17086907220083,1.49715853214359,4.31534499559185
"154","19/02/2019","Site 1","Nikko Bay","Inner",39,"Goniastrea","Goniastrea spp.","Goniastrea cf. favulus",1,"IMG_2212","IMG_2213",NA,"s1b_goni_2","red",6526.8,2414.2,1471.1,11.9,1.82325182325182,0.369890298461727,4.00303013410394,8.94494390252192,2.51952341785059,1.11523689755965,0.046,"#968178",1679.375,0.0208410867138072,4.83333333333333,13,0.375,2.56,0.95,47.25,11.4644673203725,4.08167031551622,9.38073550404459
"155","11/02/2019","Site 3","Mutmelachel","Lagoon",17,"Acropora","Acropora cf. subglabra","Acropora cf. subglabra",2,NA,NA,NA,"s3_card_4","blue",884,1548.9,1531,1.3,1.47058823529412,1.75214932126697,6.03041121323527,5.48613801436969,1.74066701502286,0.984650555192684,0.041,"#908E6B",NA,NA,NA,NA,NA,NA,NA,NA,7.22680502939255,5.90830621806199,8.03396472893534
